year,date,district,municipality,parish,local,latitude,longitude,cause,elevation,hourly.time,hourly.temperature_2m,hourly.relative_humidity_2m,hourly.dew_point_2m,hourly.apparent_temperature,hourly.precipitation,hourly.rain,hourly.snowfall,hourly.snow_depth,hourly.weather_code,hourly.pressure_msl,hourly.surface_pressure,hourly.cloud_cover,hourly.cloud_cover_low,hourly.cloud_cover_mid,hourly.cloud_cover_high,hourly.et0_fao_evapotranspiration,hourly.vapour_pressure_deficit,hourly.wind_speed_10m,hourly.wind_speed_100m,hourly.wind_direction_10m,hourly.wind_direction_100m,hourly.wind_gusts_10m,hourly.soil_temperature_0_to_7cm,hourly.soil_temperature_7_to_28cm,hourly.soil_temperature_28_to_100cm,hourly.soil_temperature_100_to_255cm,hourly.soil_moisture_0_to_7cm,hourly.soil_moisture_7_to_28cm,hourly.soil_moisture_28_to_100cm,hourly.soil_moisture_100_to_255cm,hourly.is_day,hourly.sunshine_duration,hourly.shortwave_radiation_instant,hourly.direct_radiation_instant,hourly.diffuse_radiation_instant,hourly.direct_normal_irradiance_instant,hourly.global_tilted_irradiance_instant,hourly.terrestrial_radiation_instant,hourly.shortwave_radiation,hourly.direct_radiation,hourly.diffuse_radiation,hourly.direct_normal_irradiance,hourly.global_tilted_irradiance,hourly.terrestrial_radiation,scientificNames
2006,2006-06-30,Porto,Santo Tirso,Couto (São Miguel),Aldeia Nova,41.3287794,-8.4564953,NC,157.0,2006-06-30T17:00,25.3,59,16.7,26.1,0.0,0.0,0.0,0.0,0,1017.6,999.5,13,0,5,32,0.38,1.32,9.9,11.6,289,292,23.4,29.3,22.9,19.3,15.9,0.135,0.168,0.248,0.365,1,3600.0,481.6,386.3,95.3,708.4,481.6,721.6,551.0,442.0,109.0,708.4,551.0,825.6,Eucalyptus L'Hér.; Tracheophyta; Pinus pinaster Aiton; Vitis vinifera L.; Magnoliopsida
2006,2006-06-30,Porto,Vila do Conde,Vila do Conde,R. ANTONIO PACHECO NEVES (VILA DO CONDE),41.35529725,-8.742446821696252,NC,19.0,2006-06-30T19:00,22.8,67,16.4,24.0,0.0,0.0,0.0,0.0,1,1017.1,1014.9,30,0,1,97,0.14,0.91,7.2,6.8,276,288,14.8,27.3,23.7,20.1,16.7,0.099,0.167,0.258,0.36,1,3600.0,137.4,76.6,60.8,393.2,137.4,257.7,201.0,112.0,89.0,393.2,201.0,377.0,Tracheophyta; Magnoliopsida
2006,2006-06-21,Porto,Santo Tirso,Campo (são Martinho),R. VALE (São Martinho),41.35849115,-8.368132875977032,NC,130.0,2006-06-21T10:00,22.6,58,13.8,23.8,0.0,0.0,0.0,0.0,0,1018.0,1002.8,0,0,0,0,0.46,1.17,7.5,8.8,343,348,20.2,23.5,19.7,19.1,15.1,0.21,0.209,0.278,0.372,1,3600.0,781.9,669.1,112.8,837.2,781.9,1058.6,721.0,617.0,104.0,837.2,721.0,976.1,Magnoliopsida; Tracheophyta; Vitis vinifera L.; Pinus pinaster Aiton; Eucalyptus L'Hér.
2006,2006-05-07,Porto,Vila do Conde,Labruge,Gandra,41.2779415,-8.7151992,NC,31.0,2006-05-07T20:00,13.4,71,8.4,11.3,0.0,0.0,0.0,0.0,1,1018.8,1015.0,40,18,39,0,0.05,0.44,11.9,17.8,284,284,23.4,15.1,15.9,15.2,12.8,0.256,0.302,0.362,0.393,0,0.0,0.0,0.0,0.0,0.0,0.0,0.0,12.0,5.0,7.0,57.2,12.0,58.3,Tracheophyta; Magnoliopsida; Eucalyptus L'Hér.
2006,2006-07-01,Porto,Gondomar,São Pedro da Cova,R. ANTº FERREIRA DA SILVA (SÃO PEDRO DA COVA),41.1346344,-8.5168448,NC,169.0,2006-07-01T18:00,20.9,65,14.1,20.4,0.0,0.0,0.0,0.0,1,1017.9,998.1,32,2,0,99,0.25,0.87,12.4,15.8,292,294,24.8,26.7,22.9,19.4,16.1,0.133,0.17,0.243,0.361,1,3600.0,327.0,259.8,67.2,698.4,327.0,492.2,404.0,321.0,83.0,698.4,404.0,608.2,Pinus pinaster Aiton; Eucalyptus L'Hér.; Vitis vinifera L.; Tracheophyta; Magnoliopsida
2006,2006-06-06,Porto,Marco de Canaveses,Penha Longa,LG. CARDIA (Senhora da Cardia),41.1077811,-8.160269,NC,344.0,2006-06-06T09:00,24.4,38,9.2,22.1,0.0,0.0,0.0,0.0,1,1015.0,975.8,29,0,0,97,0.38,1.9,14.5,20.4,97,98,39.2,22.4,20.2,17.5,12.7,0.11,0.199,0.292,0.381,1,3600.0,542.0,315.0,227.0,468.3,542.0,893.7,480.0,279.0,201.0,468.3,480.0,791.5,Tracheophyta; Magnoliopsida; Pinus pinaster Aiton; Eucalyptus L'Hér.
2006,2006-05-16,Porto,Vila do Conde,Gião,ROCHIO (GIÃO),41.3105586,-8.671308536560968,NC,60.0,2006-05-16T23:00,17.6,97,17.0,19.6,0.0,0.0,0.0,0.0,1,1017.0,1009.9,29,0,0,95,0.0,0.07,3.3,4.0,264,243,6.8,18.3,19.5,15.8,13.1,0.189,0.268,0.34,0.389,0,0.0,0.0,0.0,0.0,0.0,0.0,0.0,0.0,0.0,0.0,0.0,0.0,0.0,Magnoliopsida; Tracheophyta; Eucalyptus L'Hér.
2006,2006-06-30,Porto,Penafiel,Duas Igrejas,Salgueiros,41.1864654,-8.2690378,NC,403.0,2006-06-30T18:00,24.5,58,15.7,25.5,0.0,0.0,0.0,0.0,1,1017.8,972.0,29,0,11,76,0.25,1.28,6.1,7.7,298,298,22.3,27.5,22.1,17.9,14.2,0.118,0.205,0.268,0.365,1,3600.0,293.0,230.9,62.2,628.3,293.0,486.2,363.0,286.0,77.0,628.3,363.0,602.3,Eucalyptus L'Hér.; Tracheophyta; Magnoliopsida
2006,2006-07-01,Porto,Maia,Gueifães,R. LUIS DA SILVA NEVES (Rua Luís da Silva Neves),41.2123267,-8.6121703,NC,79.0,2006-07-01T01:00,17.3,95,16.5,19.0,0.0,0.0,0.0,0.0,1,1019.1,1009.7,49,48,0,21,0.0,0.1,4.6,5.4,231,222,10.1,19.7,22.5,19.7,16.6,0.135,0.175,0.253,0.359,0,0.0,0.0,0.0,0.0,0.0,0.0,0.0,0.0,0.0,0.0,0.0,0.0,0.0,Magnoliopsida; Tracheophyta; Eucalyptus L'Hér.; Pinus pinaster Aiton
2006,2006-05-27,Porto,Vila do Conde,Fornelo,R.Sº MARTINHO (FORNELO),41.32628365,-8.67446281139501,NC,89.0,2006-05-27T14:00,30.5,38,14.7,32.6,0.0,0.0,0.0,0.0,0,1020.8,1010.6,1,0,1,0,0.69,2.71,10.2,11.5,350,2,23.0,29.3,21.1,16.3,13.5,0.169,0.246,0.32,0.383,1,3600.0,875.6,755.2,120.4,849.8,875.6,1184.2,902.0,778.0,124.0,849.8,902.0,1219.9,Eucalyptus L'Hér.; Tracheophyta; Magnoliopsida
2006,2006-07-02,Porto,Vila Nova de Gaia,Olival,Rua da Castanheira,41.0498347,-8.528913,NC,203.0,2006-07-02T09:00,17.8,75,13.3,17.9,0.0,0.0,0.0,0.0,2,1017.5,993.6,65,55,22,9,0.17,0.51,6.2,7.3,280,279,16.2,20.9,20.7,19.4,16.1,0.12,0.146,0.205,0.333,1,3600.0,311.9,120.2,191.7,182.1,311.9,873.4,275.0,106.0,169.0,182.1,275.0,770.0,Eucalyptus L'Hér.; Magnoliopsida; Tracheophyta
2006,2006-07-01,Porto,Paredes,Lordelo,Campa,41.2346057,-8.4146751,NC,202.0,2006-07-01T11:00,22.2,66,15.5,24.0,0.0,0.0,0.0,0.0,2,1019.5,996.0,67,74,0,2,0.48,0.91,8.9,10.4,238,236,23.8,25.9,21.3,19.1,15.6,0.145,0.176,0.244,0.363,1,3600.0,808.3,643.0,165.2,723.5,808.3,1176.0,768.0,611.0,157.0,723.5,768.0,1117.4,Magnoliopsida; Pinus pinaster Aiton; Eucalyptus L'Hér.; Tracheophyta; Vitis vinifera L.
2006,2006-06-09,Porto,Póvoa de Varzim,A Ver-o-mar,Sencadas,41.404424,-8.7564852,NC,22.0,2006-06-09T16:00,22.3,59,13.8,21.1,0.0,0.0,0.0,0.0,1,1012.8,1010.2,28,15,22,4,0.38,1.12,17.4,22.6,218,217,37.4,27.0,22.6,20.2,15.1,0.107,0.194,0.289,0.374,1,3600.0,518.6,368.0,150.7,535.0,518.6,913.0,568.0,403.0,165.0,535.0,568.0,999.9,Tracheophyta; Magnoliopsida
2006,2006-06-19,Porto,Maia,Pedrouços,RUA DA IGREJA (Rua da Igreja de Pedrouços),41.1861801,-8.5866623,NC,138.0,2006-06-19T22:00,16.8,85,14.3,17.3,0.0,0.0,0.0,0.0,0,1016.7,1000.3,0,0,0,0,0.0,0.29,6.4,13.2,322,338,18.7,19.2,21.3,19.4,15.5,0.22,0.198,0.267,0.365,0,0.0,0.0,0.0,0.0,0.0,0.0,0.0,0.0,0.0,0.0,0.0,0.0,0.0,Tracheophyta; Magnoliopsida; 
2006,2006-05-18,Porto,Vila do Conde,Parada,L. PONTE (Ribeira da Ponte das Eiras),41.2973065,-8.6405027,NC,97.0,2006-05-18T22:00,14.6,85,12.2,14.3,0.0,0.0,0.0,0.0,1,1027.1,1015.4,28,29,4,0,0.0,0.25,7.0,10.3,305,306,15.1,17.0,19.1,16.2,13.1,0.192,0.259,0.332,0.39,0,0.0,0.0,0.0,0.0,0.0,0.0,0.0,0.0,0.0,0.0,0.0,0.0,0.0,Eucalyptus L'Hér.; Tracheophyta; Magnoliopsida
2006,2006-05-29,Porto,Vila do Conde,Mosteiró,R. CENTRAL (MOSTEIRO),41.2790306,-8.6604591,NC,56.0,2006-05-29T22:00,21.0,67,14.5,19.8,0.0,0.0,0.0,0.0,0,1011.5,1004.9,0,0,0,0,0.07,0.83,18.4,30.6,360,12,32.8,22.3,23.5,17.8,13.9,0.137,0.235,0.315,0.382,0,0.0,0.0,0.0,0.0,0.0,0.0,0.0,0.0,0.0,0.0,0.0,0.0,0.0,Eucalyptus L'Hér.
2006,2006-05-27,Porto,Vila do Conde,Mosteiró,R. CENTRAL - ARÕES (MOSTEIRO),41.2790306,-8.6604591,NC,56.0,2006-05-27T13:00,30.4,39,14.8,33.3,0.0,0.0,0.0,0.0,0,1021.5,1015.1,1,0,1,0,0.71,2.65,7.6,8.7,19,42,20.5,29.0,21.0,16.5,13.7,0.172,0.247,0.32,0.384,1,3600.0,950.6,836.0,114.6,894.6,950.6,1245.4,954.0,839.0,115.0,894.6,954.0,1249.8,Eucalyptus L'Hér.
2006,2006-06-11,Porto,Paredes,Parada de Todeia,LG. CHÃOS (PARADA),41.1600948,-8.3729706,NC,127.0,2006-06-11T02:00,16.3,93,15.1,17.4,0.0,0.0,0.0,0.0,1,1017.8,1002.7,21,2,0,64,0.0,0.13,4.2,4.7,70,67,9.0,16.8,20.5,19.3,14.5,0.154,0.171,0.266,0.375,0,0.0,0.0,0.0,0.0,0.0,0.0,0.0,0.0,0.0,0.0,0.0,0.0,0.0,Magnoliopsida; Pinus pinaster Aiton; Eucalyptus L'Hér.; Tracheophyta; Vitis vinifera L.
2006,2006-07-01,Porto,Felgueiras,Aião,Vila Nova,41.2991463,-8.2007427,NC,315.0,2006-07-01T22:00,17.1,80,13.7,17.7,0.0,0.0,0.0,0.0,0,1018.4,981.5,18,4,0,47,0.0,0.38,4.1,5.5,285,293,9.4,20.4,22.5,18.7,14.8,0.113,0.201,0.267,0.364,0,0.0,0.0,0.0,0.0,0.0,0.0,0.0,0.0,0.0,0.0,0.0,0.0,0.0,Eucalyptus L'Hér.; Tracheophyta; Vitis vinifera L.
2006,2006-07-02,Porto,Paredes,Parada de Todeia,CARVALHO (Carvalhal),41.1690637,-8.3770562,NC,191.0,2006-07-02T16:00,20.7,68,14.6,19.9,0.0,0.0,0.0,0.0,2,1017.3,995.0,80,75,0,41,0.32,0.79,16.2,20.6,287,286,36.4,25.5,21.7,19.3,15.8,0.145,0.172,0.242,0.362,1,3600.0,468.5,248.9,219.6,357.1,468.5,922.3,512.0,272.0,240.0,357.1,512.0,1007.9,Magnoliopsida; Pinus pinaster Aiton; Eucalyptus L'Hér.; Tracheophyta; Vitis vinifera L.
2006,2006-06-30,Porto,Vila Nova de Gaia,Sandim,AV. 25 ABRIL (Avenida Vinte e Cinco de Abril),41.03204085,-8.500728176230938,NC,133.0,2006-06-30T17:00,25.2,59,16.7,26.1,0.0,0.0,0.0,0.0,0,1017.9,1002.5,15,0,4,43,0.38,1.3,9.7,11.8,297,297,24.8,30.3,23.2,19.6,16.5,0.124,0.149,0.206,0.334,1,3600.0,487.3,394.8,92.6,724.9,487.3,720.6,558.0,452.0,106.0,724.9,558.0,825.1,Eucalyptus L'Hér.; Tracheophyta; Quercus L.; Pinus pinea L.; Magnoliopsida
2006,2006-06-29,Porto,Vila Nova de Gaia,Vila Nova De Gaia (santa Marinha),RIO DA SERRA (Rua Cinco Escarpa da Serra),41.097637950000006,-8.568625067986972,NC,100.0,2006-06-29T13:00,24.0,56,14.7,26.1,0.0,0.0,0.0,0.0,0,1019.4,1007.8,0,0,0,0,0.62,1.32,12.7,15.3,317,321,25.9,27.6,20.5,19.4,16.4,0.144,0.183,0.258,0.364,1,3600.0,970.2,850.3,119.9,896.4,970.2,1255.2,971.0,851.0,120.0,896.4,971.0,1256.2,Eucalyptus L'Hér.; Magnoliopsida; Tracheophyta
2006,2006-06-29,Porto,Gondomar,Rio Tinto,RUA DA VESSADA (Rua do Padre Dehon),41.1807166,-8.5575691,NC,71.0,2006-06-29T17:00,23.8,58,15.0,23.3,0.0,0.0,0.0,0.0,0,1018.3,1010.0,0,0,0,0,0.4,1.25,16.6,21.3,319,323,30.6,27.7,22.0,19.7,16.5,0.139,0.177,0.255,0.359,1,3600.0,517.2,433.3,83.9,795.3,517.2,721.0,592.0,496.0,96.0,795.3,592.0,825.3,Tracheophyta; Magnoliopsida
2006,2006-07-01,Porto,Vila Nova de Gaia,Vila Nova De Gaia (santa Marinha),RUA SANTA MARIA (Rua Quinta Fonte Santa),41.097637950000006,-8.568625067986972,NC,100.0,2006-07-01T20:00,18.8,72,13.6,18.7,0.0,0.0,0.0,0.0,1,1017.7,1005.9,31,2,0,98,0.05,0.61,8.7,12.5,308,309,22.3,23.0,22.8,19.7,16.6,0.134,0.177,0.255,0.362,1,0.0,6.7,0.9,5.8,10.5,5.3,20.9,44.0,6.0,38.0,45.4,44.0,136.5,Eucalyptus L'Hér.; Magnoliopsida; Tracheophyta
2006,2006-05-29,Porto,Vila do Conde,Vila do Conde,AV. JULIO SAUL DIAS (VILA DO CONDE),41.35529725,-8.742446821696252,NC,19.0,2006-05-29T21:00,22.3,62,14.6,20.9,0.0,0.0,0.0,0.0,0,1011.2,1009.0,0,0,0,0,0.1,1.02,20.2,34.3,359,10,34.6,23.5,23.7,17.9,14.1,0.144,0.233,0.312,0.384,0,0.0,0.0,0.0,0.0,0.0,0.0,0.0,0.0,0.0,0.0,0.0,0.0,0.0,Tracheophyta; Magnoliopsida
2006,2006-07-02,Porto,Maia,Barca,JUNTA A ROTUNDA DA RADIO POPULAR (BARCA),41.2468157,-8.6072844,NC,90.0,2006-07-02T14:00,21.7,64,14.6,22.2,0.1,0.1,0.0,0.0,51,1017.3,1006.8,95,100,1,15,0.43,0.93,12.2,15.1,272,271,29.5,26.8,21.7,19.8,16.6,0.133,0.172,0.251,0.358,1,3600.0,671.3,394.6,276.7,435.2,671.3,1199.7,689.0,405.0,284.0,435.2,689.0,1231.4,Tracheophyta; Eucalyptus L'Hér.; Pinus pinaster Aiton
2006,2006-07-02,Porto,Santo Tirso,Água Longa,RUA COSTA (ÁGUA LONGA),41.2500408,-8.492877,NC,109.0,2006-07-02T16:00,21.2,66,14.7,20.4,0.0,0.0,0.0,0.0,2,1017.3,1004.5,80,75,0,41,0.33,0.84,16.2,20.6,287,286,36.4,26.3,22.3,19.9,16.4,0.134,0.165,0.246,0.363,1,3600.0,468.7,249.0,219.7,356.6,468.7,923.9,512.0,272.0,240.0,356.6,512.0,1009.2,Eucalyptus L'Hér.; Tracheophyta; Pinus pinaster Aiton; Vitis vinifera L.; Magnoliopsida
2006,2006-07-02,Porto,Matosinhos,Leça Do Balio,RUA PAUS (Rua Paulo da Silva Ranito),41.2082315,-8.6142546,NC,55.0,2006-07-02T19:00,19.5,70,13.9,19.2,0.0,0.0,0.0,0.0,2,1017.4,1010.9,54,28,0,97,0.11,0.67,10.7,13.2,315,317,23.4,23.3,22.4,20.0,16.8,0.133,0.172,0.251,0.358,1,3171.21,96.0,32.0,64.0,165.7,96.0,255.6,141.0,47.0,94.0,165.7,141.0,375.3,Magnoliopsida; Tracheophyta; Eucalyptus L'Hér.
2006,2006-07-02,Porto,Marco de Canaveses,São Lourenço do Douro,Cruzeiro,41.1026966,-8.1962033,NC,276.0,2006-07-02T02:00,15.3,93,14.3,16.3,0.0,0.0,0.0,0.0,3,1017.4,984.8,99,79,4,85,0.0,0.11,2.9,3.8,277,287,7.6,17.3,21.4,19.0,15.4,0.14,0.217,0.268,0.364,0,0.0,0.0,0.0,0.0,0.0,0.0,0.0,0.0,0.0,0.0,0.0,0.0,0.0,Tracheophyta; Pinus pinaster Aiton; Vitis vinifera L.; Eucalyptus L'Hér.; Castanea sativa Mill.; Magnoliopsida; 
2006,2006-05-27,Porto,Vila do Conde,Mosteiró,RUA CENTRAL (MOSTEIRO),41.2790306,-8.6604591,NC,56.0,2006-05-27T23:00,23.9,67,17.5,24.9,0.0,0.0,0.0,0.0,0,1020.0,1013.5,0,0,0,0,0.05,0.96,11.3,20.9,37,42,25.6,22.3,22.2,16.8,13.8,0.163,0.245,0.319,0.383,0,0.0,0.0,0.0,0.0,0.0,0.0,0.0,0.0,0.0,0.0,0.0,0.0,0.0,Eucalyptus L'Hér.
2006,2006-06-29,Porto,Maia,São Pedro Fins,R. CARDOSAS (Rua das Cardosas),41.2476639,-8.5636891,NC,98.0,2006-06-29T14:00,24.8,52,14.4,26.2,0.0,0.0,0.0,0.0,0,1018.9,1007.5,0,0,0,0,0.62,1.49,14.5,17.7,318,321,27.4,28.4,21.0,19.5,16.4,0.14,0.178,0.255,0.36,1,3600.0,925.2,809.3,115.9,892.6,925.2,1199.8,950.0,831.0,119.0,892.6,950.0,1232.0,Vitis vinifera L.; Eucalyptus L'Hér.; Tracheophyta; Magnoliopsida; Pinus pinaster Aiton; 
2006,2006-07-02,Porto,Vila Nova de Gaia,Crestuma,Caminho da Marroca,41.0672014,-8.51628885774278,NC,167.0,2006-07-02T15:00,21.0,66,14.4,20.5,0.1,0.1,0.0,0.0,51,1017.2,997.7,93,96,0,21,0.38,0.85,16.0,20.1,284,285,37.8,26.5,21.7,19.5,16.2,0.135,0.169,0.242,0.36,1,3600.0,585.2,322.0,263.3,391.8,585.2,1087.3,618.0,340.0,278.0,391.8,618.0,1148.1,Eucalyptus L'Hér.; Pinus pinaster Aiton; Magnoliopsida; Tracheophyta
2006,2006-07-02,Porto,Vila Nova de Gaia,Serzedo,RUA 25 DE ABRIL (Rua Vinte e Cinco de Abril),41.0956616,-8.6101661,NC,110.0,2006-07-02T17:00,20.3,69,14.4,19.6,0.0,0.0,0.0,0.0,2,1017.2,1004.3,72,54,0,77,0.25,0.74,14.5,18.4,297,298,33.5,25.1,22.0,19.7,16.6,0.135,0.176,0.254,0.362,1,3600.0,341.7,166.0,175.7,304.1,341.7,722.6,391.0,190.0,201.0,304.1,391.0,826.8,Tracheophyta; Magnoliopsida; Eucalyptus L'Hér.
2006,2006-06-06,Porto,Paredes,Beire,LUGAR DE CASTROMIL (Lugar),41.2451216,-8.3240436,NC,192.0,2006-06-06T10:00,27.2,33,9.7,25.4,0.0,0.0,0.0,0.0,1,1014.7,992.8,29,0,0,95,0.53,2.4,15.9,21.7,94,96,40.7,25.1,21.0,18.1,13.5,0.125,0.194,0.285,0.379,1,3600.0,724.0,460.6,263.4,575.5,724.0,1063.3,668.0,425.0,243.0,575.5,668.0,981.1,Magnoliopsida; Pinus pinaster Aiton; Eucalyptus L'Hér.; Tracheophyta; Vitis vinifera L.
2006,2006-06-29,Porto,Maia,Folgosa,Rua do Vale,41.2665781,-8.540036,NC,188.0,2006-06-29T19:00,21.8,65,15.0,21.5,0.0,0.0,0.0,0.0,0,1018.0,996.1,0,0,0,0,0.16,0.9,13.2,18.9,317,321,29.9,25.1,21.9,19.0,15.7,0.139,0.17,0.25,0.365,1,3600.0,149.1,106.2,42.9,551.6,149.1,254.9,219.0,156.0,63.0,551.6,219.0,374.3,Magnoliopsida; Eucalyptus L'Hér.; Tracheophyta; Pinus pinaster Aiton; 
2006,2006-07-02,Porto,Santo Tirso,Palmeira,VILAR (Vila),41.35107,-8.4734104,NC,35.0,2006-07-02T01:00,16.2,97,15.7,17.2,0.0,0.0,0.0,0.0,2,1017.8,1013.6,58,39,1,76,0.0,0.06,7.0,9.4,325,328,15.5,18.9,22.7,20.2,16.7,0.107,0.167,0.256,0.361,0,0.0,0.0,0.0,0.0,0.0,0.0,0.0,0.0,0.0,0.0,0.0,0.0,0.0,Tracheophyta; Vitis vinifera L.; Magnoliopsida
2006,2006-06-06,Porto,Penafiel,Duas Igrejas,Aveleira de Além,41.1864654,-8.2690378,NC,403.0,2006-06-06T12:00,28.9,27,8.1,28.4,0.0,0.0,0.0,0.0,1,1014.3,969.3,29,0,0,95,0.7,2.9,13.5,18.0,115,116,38.2,28.6,20.4,16.9,12.0,0.099,0.2,0.293,0.382,1,3600.0,933.9,726.5,207.4,771.3,933.9,1251.3,914.0,711.0,203.0,771.3,914.0,1224.6,Eucalyptus L'Hér.; Tracheophyta; Magnoliopsida
2006,2006-07-02,Porto,Felgueiras,Aião,Vila Nova,41.2991463,-8.2007427,NC,315.0,2006-07-02T20:00,17.4,74,12.8,17.5,0.0,0.0,0.0,0.0,2,1017.3,980.4,68,43,0,96,0.03,0.52,5.4,10.9,290,297,18.7,20.9,21.4,18.8,14.9,0.115,0.199,0.266,0.364,1,2132.44,6.8,2.9,3.9,33.6,5.2,17.6,51.0,22.0,29.0,168.5,51.0,132.7,Eucalyptus L'Hér.; Tracheophyta; Vitis vinifera L.
2006,2006-01-23,Porto,Felgueiras,Aião,R. Loureiro (AIÃO),41.2991463,-8.2007427,NC,315.0,2006-01-23T13:00,10.8,65,4.5,8.7,0.0,0.0,0.0,0.0,0,1025.2,987.2,1,1,0,0,0.23,0.45,5.4,6.9,94,96,17.3,8.8,4.6,7.0,10.7,0.372,0.38,0.396,0.373,1,3600.0,500.0,416.7,83.3,853.8,500.0,689.1,498.0,415.0,83.0,853.8,498.0,686.3,Eucalyptus L'Hér.; Tracheophyta; Vitis vinifera L.
2006,2006-01-27,Porto,Amarante,Figueiró (Santiago),Lug. Pidre (São Tiago),41.2894833,-8.155317,NC,471.0,2006-01-27T22:00,-0.9,63,-7.1,-5.2,0.0,0.0,0.0,0.0,0,1014.7,956.8,0,0,0,0,0.01,0.21,8.8,22.0,55,58,35.3,0.8,3.8,5.9,9.5,0.355,0.367,0.39,0.377,0,0.0,0.0,0.0,0.0,0.0,0.0,0.0,0.0,0.0,0.0,0.0,0.0,0.0,Magnoliopsida; Tracheophyta; Eucalyptus L'Hér.; Pinus pinaster Aiton
2006,2006-01-31,Porto,Paços de Ferreira,Meixomil,R.Lameiro (Ribeiro),41.2842631,-8.3921962,NC,286.0,2006-01-31T18:00,8.7,73,4.0,6.5,0.0,0.0,0.0,0.0,0,1022.4,987.7,0,0,0,0,0.02,0.31,4.8,5.6,297,310,10.8,6.3,4.3,6.4,10.7,0.344,0.356,0.381,0.366,0,1046.37,0.0,0.0,0.0,0.0,0.0,0.0,30.0,17.0,13.0,170.2,30.0,80.4,Eucalyptus L'Hér.; Quercus L.; Tracheophyta; Magnoliopsida; Pinus pinaster Aiton; 
2006,2006-06-12,Porto,Maia,Pedrouços,Travessa da Cabine,41.191341,-8.5837662,NC,143.0,2006-06-12T15:00,24.0,58,15.3,24.2,0.0,0.0,0.0,0.0,1,1014.8,998.3,34,0,6,100,0.45,1.25,14.9,19.0,323,327,29.5,26.8,21.4,19.3,14.8,0.135,0.182,0.273,0.368,1,3600.0,628.7,281.7,347.0,345.2,628.7,1082.4,665.0,298.0,367.0,345.2,665.0,1144.9,Tracheophyta; Magnoliopsida; 
2006,2006-06-05,Porto,Vila do Conde,Aveleda,R.MOINHO (Ribeira de Moinhos),41.2580706,-8.6947279,NC,52.0,2006-06-05T17:00,29.3,31,10.7,27.5,0.0,0.0,0.0,0.0,0,1013.4,1007.5,0,0,0,0,0.5,2.8,15.3,20.6,330,331,31.0,32.3,24.2,19.2,14.5,0.098,0.203,0.297,0.376,1,3600.0,511.5,429.0,82.5,813.5,511.5,700.7,589.0,494.0,95.0,813.5,589.0,806.9,Tracheophyta; Eucalyptus L'Hér.
2006,2006-06-07,Porto,Felgueiras,Pinheiro,LG. PINHAL BASTO (PINHEIRO),41.3681455,-8.1611681,NC,454.0,2006-06-07T22:00,18.6,77,14.6,19.6,0.0,0.0,0.0,0.0,0,1015.8,963.5,10,0,1,32,0.0,0.49,4.1,5.0,285,291,10.8,21.1,22.4,17.2,12.1,0.103,0.193,0.287,0.38,0,0.0,0.0,0.0,0.0,0.0,0.0,0.0,0.0,0.0,0.0,0.0,0.0,0.0,Pinus pinaster Aiton; Tracheophyta; Eucalyptus L'Hér.; Magnoliopsida; Vitis vinifera L.
2006,2006-05-16,Porto,Maia,Gondim,Via Diagonal,41.2598599,-8.6094775,NC,97.0,2006-05-16T16:00,23.6,67,17.0,25.4,0.0,0.0,0.0,0.0,1,1016.4,1005.1,33,2,3,99,0.43,0.98,10.3,12.5,282,282,20.2,25.6,19.4,15.6,12.9,0.203,0.267,0.337,0.391,1,3600.0,620.1,501.5,118.6,770.1,620.1,871.5,685.0,554.0,131.0,770.1,685.0,962.7,Tracheophyta; Magnoliopsida; Eucalyptus L'Hér.
2006,2006-06-24,Porto,Gondomar,Valbom,R. MARQUES LEITAO (VALBOM),41.13757565,-8.562041548825437,NC,77.0,2006-06-24T00:00,16.2,90,14.6,16.3,0.0,0.0,0.0,0.0,1,1015.0,1005.8,50,55,0,0,0.0,0.18,9.8,13.8,306,311,19.1,19.2,22.3,19.9,16.2,0.169,0.193,0.264,0.366,0,0.0,0.0,0.0,0.0,0.0,0.0,0.0,0.0,0.0,0.0,0.0,0.0,0.0,Tracheophyta; Magnoliopsida; Pinus pinaster Aiton; Eucalyptus L'Hér.
2006,2006-01-30,Porto,Felgueiras,Jugueiros,Lg. Traz Muro (JUGUEIROS),41.3969664,-8.1875708,NC,237.0,2006-01-30T18:00,7.4,60,0.2,4.7,0.0,0.0,0.0,0.0,0,1021.3,992.3,0,0,0,0,0.02,0.41,4.5,5.6,299,315,11.5,4.4,3.6,6.7,10.8,0.353,0.364,0.389,0.393,0,804.77,0.0,0.0,0.0,0.0,0.0,0.0,27.0,15.0,12.0,154.8,27.0,76.2,Magnoliopsida; Eucalyptus L'Hér.; Pinus pinaster Aiton
2006,2006-06-24,Porto,Vila Nova de Gaia,Olival,TR. GONDESENDE (Travessa de Gondesende),41.0450606,-8.523845,NC,216.0,2006-06-24T18:00,19.2,69,13.5,17.6,0.0,0.0,0.0,0.0,1,1015.3,990.1,48,53,0,0,0.2,0.68,18.7,25.0,310,311,40.7,23.6,21.6,19.3,15.6,0.156,0.166,0.213,0.338,1,3600.0,251.4,158.4,92.9,428.3,251.4,489.7,311.0,196.0,115.0,428.3,311.0,605.8,Magnoliopsida; Eucalyptus L'Hér.; Tracheophyta
2006,2006-06-12,Porto,Gondomar,Melres,RUA QUINTÃO (MELRES),41.0678331,-8.4011959,NC,25.0,2006-06-12T21:00,21.6,77,17.3,22.0,0.0,0.0,0.0,0.0,1,1013.9,1011.0,31,0,38,26,0.04,0.61,15.4,23.8,349,356,28.4,23.3,23.2,20.3,15.7,0.139,0.167,0.262,0.371,0,0.0,0.0,0.0,0.0,0.0,0.0,0.0,0.0,0.0,0.0,0.0,0.0,0.0,Eucalyptus L'Hér.; Magnoliopsida; Tracheophyta
2006,2006-06-16,Porto,Maia,Pedrouços,Travessa da Cabine,41.191341,-8.5837662,NC,143.0,2006-06-16T14:00,23.0,68,16.7,23.5,0.0,0.0,0.0,0.0,1,1015.5,998.9,44,10,16,85,0.35,0.9,12.8,16.4,302,303,26.6,25.4,21.5,19.4,15.2,0.275,0.194,0.27,0.366,1,3600.0,504.9,189.7,315.2,209.6,504.9,1199.9,519.0,195.0,324.0,209.6,519.0,1233.3,Tracheophyta; Magnoliopsida; 
2006,2006-02-04,Porto,Amarante,Mancelos,LG. COSTA (Quinta da Costa),41.2757739,-8.1585546,NC,247.0,2006-02-04T15:00,12.7,53,3.3,10.1,0.0,0.0,0.0,0.0,0,1017.7,988.2,0,0,0,0,0.24,0.69,7.2,9.4,84,86,23.8,11.2,6.3,6.2,10.1,0.352,0.359,0.379,0.375,1,3600.0,432.9,364.3,68.7,867.7,432.9,590.9,479.0,403.0,76.0,867.7,479.0,653.8,Tracheophyta; Magnoliopsida; Eucalyptus L'Hér.; Pinus pinaster Aiton; Vitis vinifera L.; 
2006,2006-06-06,Porto,Paredes,Beire,LUGAR DE BISALTO (Lugar),41.2451216,-8.3240436,NC,192.0,2006-06-06T13:00,32.1,23,8.5,32.0,0.0,0.0,0.0,0.0,1,1013.6,992.1,29,0,0,98,0.77,3.67,12.9,16.9,108,110,32.4,30.7,21.9,18.1,13.5,0.123,0.193,0.284,0.379,1,3600.0,938.9,714.7,224.3,758.0,938.9,1252.5,942.0,717.0,225.0,758.0,942.0,1256.6,Magnoliopsida; Pinus pinaster Aiton; Eucalyptus L'Hér.; Tracheophyta; Vitis vinifera L.
2006,2006-01-27,Porto,Felgueiras,Pinheiro,Oro,41.3684352,-8.152882,NC,497.0,2006-01-27T02:00,-1.2,83,-3.7,-5.4,0.0,0.0,0.0,0.0,1,1010.9,950.1,28,0,0,92,0.0,0.1,10.8,22.4,88,86,31.7,0.7,4.2,6.1,9.6,0.363,0.372,0.394,0.387,0,0.0,0.0,0.0,0.0,0.0,0.0,0.0,0.0,0.0,0.0,0.0,0.0,0.0,Pinus pinaster Aiton; Tracheophyta; Magnoliopsida; Vitis vinifera L.; Eucalyptus L'Hér.
2006,2006-06-06,Porto,Penafiel,Duas Igrejas,Castanheira de Cima,41.1864654,-8.2690378,NC,403.0,2006-06-06T16:00,31.7,19,5.4,29.6,0.0,0.0,0.0,0.0,1,1013.0,968.5,29,0,0,98,0.53,3.79,9.3,12.3,193,185,31.7,31.5,21.9,16.9,12.1,0.097,0.198,0.292,0.381,1,3600.0,564.6,282.3,282.3,415.5,564.6,902.5,620.0,310.0,310.0,415.5,620.0,991.0,Eucalyptus L'Hér.; Tracheophyta; Magnoliopsida
2006,2006-06-06,Porto,Gondomar,Melres,RUA PRAIA (MELRES),41.0678331,-8.4011959,NC,25.0,2006-06-06T18:00,28.2,40,13.5,26.8,0.0,0.0,0.0,0.0,1,1013.5,1010.6,27,0,6,77,0.34,2.28,17.2,22.8,286,286,32.4,30.7,25.4,19.9,15.1,0.122,0.177,0.273,0.375,1,3600.0,258.2,135.1,123.1,383.5,258.2,467.9,323.0,169.0,154.0,383.5,323.0,585.4,Eucalyptus L'Hér.; Magnoliopsida; Tracheophyta
2006,2006-01-10,Porto,Felgueiras,Aião,R. CENTRAL CIDOI (Rua de Portuzelo),41.2991463,-8.2007427,NC,315.0,2006-01-10T17:00,7.9,61,0.8,4.7,0.0,0.0,0.0,0.0,0,1026.3,987.9,0,0,0,0,0.05,0.42,8.5,12.7,78,82,22.0,7.0,5.8,7.8,11.7,0.38,0.389,0.396,0.365,1,3099.75,38.4,25.2,13.2,289.3,35.4,70.6,99.0,65.0,34.0,465.9,99.0,182.0,Eucalyptus L'Hér.; Tracheophyta; Vitis vinifera L.
2006,2006-07-02,Porto,Penafiel,Lagares,Serra,41.1081382,-8.3804409,NC,129.0,2006-07-02T19:00,19.0,72,13.9,18.6,0.0,0.0,0.0,0.0,2,1017.5,1002.3,64,39,0,96,0.11,0.62,11.7,15.3,317,321,26.6,22.9,22.1,19.8,16.3,0.138,0.189,0.254,0.362,1,2921.6,89.9,29.7,60.1,157.4,89.9,250.0,133.0,44.0,89.0,157.4,133.0,369.9,Eucalyptus L'Hér.; Magnoliopsida
2006,2006-06-19,Porto,Gondomar,Rio Tinto,RUA DAS ALMINHAS (Rua do Padre Dehon),41.1807166,-8.5575691,NC,71.0,2006-06-19T16:00,22.1,62,14.6,21.6,0.0,0.0,0.0,0.0,0,1016.0,1007.7,0,0,0,0,0.44,1.0,20.4,26.8,318,320,38.2,26.1,21.8,19.8,15.8,0.224,0.198,0.267,0.365,1,3600.0,676.6,572.3,104.2,823.9,676.6,920.3,740.0,626.0,114.0,823.9,740.0,1006.6,Tracheophyta; Magnoliopsida
2006,2006-01-27,Porto,Penafiel,Cabeça Santa,Lug. Loureda (CABEÇA SANTA),41.1169039,-8.27507040257782,NC,236.0,2006-01-27T13:00,7.4,50,-2.5,1.6,0.0,0.0,0.0,0.0,0,1009.5,981.0,0,0,0,0,0.22,0.52,22.5,31.7,63,65,51.5,7.4,5.1,7.7,11.2,0.355,0.366,0.385,0.359,1,3600.0,551.5,474.2,77.4,936.9,551.5,714.0,549.0,472.0,77.0,936.9,549.0,710.7,Eucalyptus L'Hér.; Tracheophyta; Magnoliopsida; Vitis vinifera L.
2006,2006-02-02,Porto,Baião,Teixeira,Lug. Estrada (TEIXEIRA),41.1929055,-7.924185317996145,NC,483.0,2006-02-02T22:00,5.8,83,3.2,3.2,0.0,0.0,0.0,0.0,2,1013.3,955.4,79,14,60,100,0.0,0.16,6.9,10.0,99,103,21.2,3.4,4.1,4.5,9.2,0.347,0.354,0.369,0.337,0,0.0,0.0,0.0,0.0,0.0,0.0,0.0,0.0,0.0,0.0,0.0,0.0,0.0,Magnoliopsida; Tracheophyta; Eucalyptus L'Hér.; Pinus pinaster Aiton; Vitis vinifera L.; Pinales; Quercus L.; 
2006,2006-06-19,Porto,Gondomar,Covelo,RUA ANTÓNIO MOURA (Covelo),41.1053854,-8.4717612,NC,21.0,2006-06-19T16:00,22.4,61,14.5,20.6,0.0,0.0,0.0,0.0,0,1016.5,1014.0,0,0,0,0,0.44,1.06,28.0,34.9,331,332,45.4,27.4,22.5,20.4,16.5,0.198,0.168,0.226,0.34,1,3600.0,677.6,577.0,100.6,829.2,677.6,921.9,741.0,631.0,110.0,829.2,741.0,1008.1,Eucalyptus L'Hér.; Pinus pinaster Aiton; Magnoliopsida; Tracheophyta
2006,2006-06-21,Porto,Vila Nova de Gaia,Pedroso,RUA SAIBREIRA (Rua da Saibreira),41.085411,-8.5730001,NC,140.0,2006-06-21T15:00,23.6,53,13.4,23.7,0.0,0.0,0.0,0.0,0,1017.2,1001.0,0,0,0,0,0.55,1.37,17.4,22.0,326,328,36.4,26.7,21.0,19.3,15.6,0.198,0.2,0.267,0.368,1,3600.0,816.8,708.9,107.9,863.3,816.8,1087.5,863.0,749.0,114.0,863.3,863.0,1149.0,Tracheophyta; Magnoliopsida; Eucalyptus L'Hér.
2006,2006-02-01,Porto,Felgueiras,Pinheiro,Lug. Vilar (PINHEIRO),41.3681455,-8.1611681,NC,454.0,2006-02-01T18:00,10.0,71,5.0,8.5,0.0,0.0,0.0,0.0,1,1020.4,966.3,29,0,3,92,0.01,0.36,1.8,1.9,53,68,9.0,5.4,3.2,4.7,9.3,0.356,0.364,0.386,0.387,0,763.95,0.0,0.0,0.0,0.0,0.0,0.0,28.0,14.0,14.0,139.7,28.0,80.8,Pinus pinaster Aiton; Tracheophyta; Eucalyptus L'Hér.; Magnoliopsida; Vitis vinifera L.
2006,2006-06-06,Porto,Santo Tirso,Couto (Santa Cristina),Ermida,41.327111,-8.4937993,NC,101.0,2006-06-06T20:00,22.5,59,14.1,22.3,0.0,0.0,0.0,0.0,1,1014.5,1002.7,31,0,17,70,0.08,1.11,10.5,17.7,274,275,21.6,25.9,24.5,19.1,14.3,0.13,0.186,0.279,0.38,1,1880.36,0.0,0.0,0.0,0.0,0.0,0.0,43.0,21.0,22.0,171.5,43.0,111.6,Eucalyptus L'Hér.; Vitis vinifera L.; Tracheophyta; Pinus pinaster Aiton
2006,2006-02-05,Porto,Lousada,Sousela,POMAR ACHAS (Pomar),41.3017441,-8.3101787,NC,256.0,2006-02-05T20:00,6.6,64,0.4,3.7,0.0,0.0,0.0,0.0,0,1023.9,992.5,0,0,0,0,0.01,0.35,5.8,7.4,94,76,16.2,4.4,6.1,6.5,10.1,0.344,0.356,0.377,0.374,0,0.0,0.0,0.0,0.0,0.0,0.0,0.0,0.0,0.0,0.0,0.0,0.0,0.0,Vitis vinifera L.; Eucalyptus L'Hér.; Tracheophyta; Pinus pinaster Aiton; Magnoliopsida
2006,2006-02-04,Porto,Amarante,Rebordelo,AV GENS (REBORDELO),41.3580706,-7.9584414,NC,425.0,2006-02-04T10:00,6.7,81,3.7,4.0,0.0,0.0,0.0,0.0,0,1018.9,967.6,0,0,0,0,0.09,0.19,8.3,13.3,90,93,26.6,2.5,3.6,5.1,9.3,0.356,0.36,0.379,0.373,1,3600.0,329.3,252.5,76.7,710.6,329.3,500.3,266.0,204.0,62.0,710.6,266.0,404.2,Eucalyptus L'Hér.; Tracheophyta; Magnoliopsida; Pinus pinaster Aiton; 
2006,2006-06-22,Porto,Maia,Pedrouços,Travessa da Cabine,41.191341,-8.5837662,NC,143.0,2006-06-22T13:00,27.8,50,16.4,31.3,0.0,0.0,0.0,0.0,0,1015.0,998.7,0,0,0,0,0.67,1.86,7.9,9.2,313,318,18.0,28.8,21.2,19.2,15.6,0.181,0.192,0.264,0.363,1,3600.0,954.6,835.8,118.8,880.8,954.6,1256.5,956.0,837.0,119.0,880.8,956.0,1258.3,Tracheophyta; Magnoliopsida; 
2006,2006-06-25,Porto,Maia,Maia,AV. AVELINO SOUSA MARQUES (Alameda Albino Marques da Costa Mendes),41.2329846,-8.6222375,NC,100.0,2006-06-25T13:00,20.5,64,13.5,20.2,0.0,0.0,0.0,0.0,3,1017.2,1005.4,89,99,0,0,0.41,0.87,14.6,18.3,290,292,32.0,24.6,20.8,19.7,16.1,0.161,0.186,0.26,0.362,1,3600.0,676.2,420.5,255.7,443.4,676.2,1255.4,677.0,421.0,256.0,443.4,677.0,1256.9,Tracheophyta; Eucalyptus L'Hér.; Magnoliopsida
2006,2006-02-04,Porto,Penafiel,Guilhufe,CAMPO DO OURO (Campo Bom),41.1945288,-8.3138517,NC,225.0,2006-02-04T13:00,12.2,54,3.2,9.2,0.0,0.0,0.0,0.0,0,1018.0,991.0,0,0,0,0,0.27,0.66,10.4,13.7,92,92,28.1,10.3,6.1,6.6,10.5,0.361,0.362,0.373,0.356,1,3600.0,567.2,483.7,83.5,898.0,567.2,758.3,564.0,481.0,83.0,898.0,564.0,754.0,Tracheophyta; Magnoliopsida
2006,2006-01-27,Porto,Felgueiras,Aião,A.28 Sentido - Sul/Norte (AIÃO),41.2991463,-8.2007427,NC,315.0,2006-01-27T17:00,7.5,44,-4.1,3.8,0.0,0.0,0.0,0.0,0,1010.2,972.3,0,0,0,0,0.08,0.59,7.1,18.1,41,49,31.3,6.5,5.0,6.8,10.3,0.353,0.367,0.389,0.374,1,3600.0,94.5,67.8,26.7,618.7,94.5,154.7,163.0,117.0,46.0,618.7,163.0,266.8,Eucalyptus L'Hér.; Tracheophyta; Vitis vinifera L.
2006,2006-06-22,Porto,Santo Tirso,Burgães,LG. ABELHA (Casal da Abelha),41.35107,-8.4734104,NC,35.0,2006-06-22T16:00,28.9,48,16.9,30.6,0.0,0.0,0.0,0.0,0,1013.5,1009.5,0,0,0,0,0.54,2.05,11.5,14.3,314,317,23.4,31.1,23.1,19.8,16.0,0.136,0.181,0.269,0.368,1,3600.0,663.4,561.8,101.6,806.8,663.4,922.1,725.0,614.0,111.0,806.8,725.0,1007.7,Tracheophyta; Vitis vinifera L.; Magnoliopsida
2006,2006-06-22,Porto,Gondomar,Foz do Sousa,RUA NªSRA APARECIDA (FOZ DO SOUSA),41.0916552,-8.5093029,NC,21.0,2006-06-22T19:00,25.2,66,18.4,25.6,0.0,0.0,0.0,0.0,0,1013.4,1011.0,0,0,0,0,0.19,1.1,18.6,25.6,328,334,31.7,27.8,24.1,20.4,16.7,0.138,0.16,0.222,0.338,1,3600.0,147.2,105.1,42.0,552.2,147.2,252.0,217.0,155.0,62.0,552.2,217.0,371.7,Tracheophyta; Magnoliopsida; Eucalyptus L'Hér.; Pinus pinaster Aiton
2006,2006-06-06,Porto,Amarante,Rebordelo,LG. QUINTA DO COUTO (REBORDELO),41.3580706,-7.9584414,NC,425.0,2006-06-06T23:00,21.8,49,10.6,21.8,0.0,0.0,0.0,0.0,0,1015.2,966.7,0,0,0,0,0.0,1.34,1.8,0.8,270,27,14.0,20.6,22.4,17.2,12.3,0.104,0.194,0.288,0.38,0,0.0,0.0,0.0,0.0,0.0,0.0,0.0,0.0,0.0,0.0,0.0,0.0,0.0,Eucalyptus L'Hér.; Tracheophyta; Magnoliopsida; Pinus pinaster Aiton; 
2006,2006-02-01,Porto,Vila Nova de Gaia,São Félix Da Marinha,R. Corga (Rua da Corga),41.0305323,-8.6290322,NC,26.0,2006-02-01T14:00,14.1,64,7.3,12.4,0.0,0.0,0.0,0.0,1,1021.3,1018.1,31,0,8,88,0.26,0.59,6.8,7.8,198,193,17.3,12.9,7.3,8.8,12.7,0.303,0.314,0.342,0.324,1,3600.0,500.5,415.2,85.3,841.1,500.5,695.4,522.0,433.0,89.0,841.1,522.0,725.3,Eucalyptus L'Hér.; Magnoliopsida; Tracheophyta; Pinales; Pinus pinaster Aiton
2006,2006-02-05,Porto,Penafiel,Milhundos,L.Rande (Bouça Grande),41.2142926,-8.2655992,NC,387.0,2006-02-05T10:00,5.0,72,0.4,1.4,0.0,0.0,0.0,0.0,0,1024.3,977.0,0,0,0,0,0.09,0.24,10.8,17.7,92,94,31.7,1.3,3.0,5.4,9.1,0.352,0.358,0.378,0.375,1,3600.0,343.5,269.3,74.1,747.8,343.5,506.9,278.0,218.0,60.0,747.8,278.0,410.3,Vitis vinifera L.; Eucalyptus L'Hér.; Tracheophyta; Magnoliopsida; Quercus L.
2006,2006-06-25,Porto,Paredes,Lordelo,ZONA INDUSTRIAL (LORDELO),41.252109950000005,-8.427403771218074,NC,302.0,2006-06-25T14:00,19.5,62,12.0,18.4,0.0,0.0,0.0,0.0,3,1016.7,981.6,90,100,0,0,0.33,0.87,12.2,15.5,284,283,32.0,23.8,20.0,18.6,14.6,0.146,0.199,0.271,0.368,1,3600.0,503.2,174.2,329.0,192.3,503.2,1199.5,517.0,179.0,338.0,192.3,517.0,1232.3,Magnoliopsida; Pinus pinaster Aiton; Eucalyptus L'Hér.; Tracheophyta; Vitis vinifera L.
2006,2006-02-03,Porto,Amarante,Ansiães,Soleiro,41.2513575,-7.9570653,NC,495.0,2006-02-03T13:00,12.2,62,5.2,10.1,0.0,0.0,0.0,0.0,0,1013.0,955.0,6,0,0,20,0.26,0.54,6.8,8.9,58,58,23.8,9.2,4.1,4.2,8.8,0.366,0.361,0.378,0.367,1,3600.0,539.4,444.0,95.4,833.1,539.4,750.4,537.0,442.0,95.0,833.1,537.0,747.1,Magnoliopsida; Tracheophyta; Pinus pinaster Aiton
2006,2006-01-27,Porto,Vila Nova de Gaia,Serzedo,R Jaime Pereira Silva (Rua Jaime Pereira da Silva),41.0956616,-8.6101661,NC,110.0,2006-01-27T14:00,9.4,48,-1.1,4.2,0.0,0.0,0.0,0.0,0,1010.3,997.0,0,0,0,0,0.23,0.61,19.9,27.0,55,56,39.6,9.7,7.6,9.6,12.8,0.351,0.361,0.379,0.336,1,3600.0,493.7,418.1,75.6,886.0,493.7,665.7,516.0,437.0,79.0,886.0,516.0,695.8,Tracheophyta; Magnoliopsida; Eucalyptus L'Hér.
2006,2006-06-07,Porto,Vila Nova de Gaia,Crestuma,RUA CENTRAL DO OLIVAL (Rua Central),41.0672014,-8.51628885774278,NC,167.0,2006-06-07T04:00,16.9,81,13.7,17.2,0.0,0.0,0.0,0.0,1,1014.3,994.6,29,0,0,98,0.0,0.36,6.4,12.4,128,150,16.6,18.5,22.7,19.1,14.2,0.123,0.177,0.273,0.375,0,0.0,0.0,0.0,0.0,0.0,0.0,0.0,0.0,0.0,0.0,0.0,0.0,0.0,Eucalyptus L'Hér.; Pinus pinaster Aiton; Magnoliopsida; Tracheophyta
2006,2006-02-05,Porto,Paredes,Aguiar de Sousa,Santa Marinha (Ribeira de Santa Comba),41.1077318,-8.4351941,NC,134.0,2006-02-05T13:00,11.3,52,1.7,7.9,0.0,0.0,0.0,0.0,0,1023.2,1006.9,0,0,0,0,0.27,0.65,11.7,15.6,81,82,28.4,10.0,6.3,7.9,11.4,0.355,0.362,0.371,0.351,1,3600.0,577.5,495.0,82.5,909.4,577.5,765.9,574.0,492.0,82.0,909.4,574.0,761.3,Magnoliopsida; Pinus pinaster Aiton; Eucalyptus L'Hér.; Tracheophyta; Vitis vinifera L.
2006,2006-06-07,Porto,Vila Nova de Gaia,São Pedro da Afurada,Rua Fonte,41.1401493,-8.6437493,NC,51.0,2006-06-07T12:00,26.6,51,15.5,28.1,0.0,0.0,0.0,0.0,0,1016.1,1010.2,1,1,0,0,0.63,1.72,16.0,19.9,239,235,33.1,29.5,23.3,20.0,15.0,0.126,0.192,0.284,0.375,1,3600.0,937.8,812.1,125.8,862.5,937.8,1250.4,917.0,794.0,123.0,862.5,917.0,1222.6,Tracheophyta; Magnoliopsida
2006,2006-02-05,Porto,Baião,Ancede,Av. D. Manuel II (ANCEDE),41.10324605,-8.062559537092891,NC,317.0,2006-02-05T15:00,10.7,49,0.5,7.3,0.0,0.0,0.0,0.0,0,1022.7,984.6,0,0,0,0,0.23,0.66,9.5,13.2,79,79,28.8,9.4,5.1,6.2,9.9,0.352,0.362,0.375,0.364,1,3600.0,443.4,373.7,69.7,875.8,443.4,600.5,490.0,413.0,77.0,875.8,490.0,663.7,Magnoliopsida; Pinus pinaster Aiton; Tracheophyta; Vitis vinifera L.; Quercus suber L.; Acacia Mill.; Eucalyptus L'Hér.; Quercus L.; 
2006,2006-06-25,Porto,Vila Nova de Gaia,Crestuma,Caminho da Marroca,41.0672014,-8.51628885774278,NC,167.0,2006-06-25T16:00,19.8,64,12.8,18.4,0.0,0.0,0.0,0.0,2,1016.9,997.3,62,69,0,1,0.31,0.83,15.5,19.8,301,303,35.3,24.2,21.0,19.4,15.7,0.167,0.188,0.251,0.364,1,3600.0,446.5,237.0,209.5,339.8,446.5,923.2,488.0,259.0,229.0,339.8,488.0,1009.1,Eucalyptus L'Hér.; Pinus pinaster Aiton; Magnoliopsida; Tracheophyta
2006,2006-06-22,Porto,Paredes,Duas Igrejas,L. ALTO VILA (DUAS IGREJAS),41.2363325,-8.3647485,NC,337.0,2006-06-22T19:00,26.0,55,16.2,27.5,0.0,0.0,0.0,0.0,0,1013.3,975.2,0,0,0,0,0.14,1.52,4.1,8.2,285,299,17.6,26.0,22.3,18.1,14.0,0.169,0.22,0.274,0.37,1,3600.0,136.6,95.4,41.3,506.1,136.6,249.5,202.0,141.0,61.0,506.1,202.0,368.9,Magnoliopsida; Pinus pinaster Aiton; Eucalyptus L'Hér.; Tracheophyta; Vitis vinifera L.
2006,2006-01-28,Porto,Matosinhos,São Mamede de Infesta,Largo Ermida (Largo Avelino Carneiro),41.18248185,-8.652700694190871,NC,80.0,2006-01-28T15:00,8.1,68,2.5,3.8,0.2,0.2,0.0,0.0,51,1012.3,1002.5,92,48,81,0,0.12,0.35,17.6,21.8,329,329,38.9,9.0,7.0,9.6,12.9,0.349,0.358,0.377,0.337,1,3600.0,238.3,95.3,143.0,241.8,238.3,556.0,265.0,106.0,159.0,241.8,265.0,618.2,Tracheophyta
2006,2006-06-25,Porto,Maia,Gueifães,RUA D. MARIA FERREIRA DA CRUZ (Rua Professora Dona Maria Ferreira da Cruz),41.2160062,-8.6055617,NC,72.0,2006-06-25T21:00,16.6,80,13.2,16.0,0.0,0.0,0.0,0.0,2,1017.6,1009.0,58,41,0,69,0.04,0.37,11.3,16.3,323,325,25.6,19.8,21.4,19.9,16.3,0.158,0.185,0.26,0.362,0,0.0,0.0,0.0,0.0,0.0,0.0,0.0,0.0,0.0,0.0,0.0,0.0,1.8,Tracheophyta; Magnoliopsida; Eucalyptus L'Hér.
2006,2006-06-07,Porto,Vila do Conde,Rio Mau,LG. TRONCO (RIO MAU),41.3998825,-8.679213250763354,NC,54.0,2006-06-07T14:00,23.5,67,17.0,25.5,0.0,0.0,0.0,0.0,0,1015.8,1009.5,0,0,0,0,0.55,0.96,16.3,20.5,262,260,33.8,30.2,23.5,19.6,14.6,0.101,0.193,0.289,0.376,1,3600.0,892.3,771.8,120.5,858.4,892.3,1194.1,918.0,794.0,124.0,858.4,918.0,1228.4,Pinus pinaster Aiton; Tracheophyta; Eucalyptus L'Hér.
2006,2006-06-25,Porto,Gondomar,Baguim Do Monte (rio Tinto),LUGAR DE LAMEIRA (Lugar Cheio),41.1874734,-8.5377585,NC,151.0,2006-06-25T22:00,15.6,83,12.8,15.3,0.0,0.0,0.0,0.0,2,1018.1,1000.1,63,46,0,71,0.0,0.3,8.4,12.3,320,322,22.0,18.6,21.0,19.5,15.7,0.148,0.187,0.258,0.361,0,0.0,0.0,0.0,0.0,0.0,0.0,0.0,0.0,0.0,0.0,0.0,0.0,0.0,Tracheophyta
2006,2006-06-08,Porto,Penafiel,Canelas,Serra,41.0775596,-8.3165006,NC,335.0,2006-06-08T02:00,17.4,75,12.8,17.4,0.0,0.0,0.0,0.0,0,1014.9,975.8,20,0,0,65,0.01,0.5,5.9,6.7,169,196,11.2,18.2,22.6,18.7,13.5,0.105,0.188,0.284,0.378,0,0.0,0.0,0.0,0.0,0.0,0.0,0.0,0.0,0.0,0.0,0.0,0.0,0.0,Eucalyptus L'Hér.; Magnoliopsida; Tracheophyta
2006,2006-06-23,Porto,Paredes,Lordelo,ALTO PORTELA (Alto da Parteira),41.2346057,-8.4146751,NC,202.0,2006-06-23T13:00,25.1,61,17.1,27.5,0.0,0.0,0.0,0.0,0,1013.9,990.8,7,8,0,0,0.62,1.23,15.2,19.0,301,303,29.2,28.5,21.9,19.0,15.1,0.188,0.201,0.253,0.367,1,3600.0,955.3,834.5,120.8,880.1,955.3,1255.4,957.0,836.0,121.0,880.1,957.0,1257.7,Magnoliopsida; Pinus pinaster Aiton; Eucalyptus L'Hér.; Tracheophyta; Vitis vinifera L.
2006,2006-02-05,Porto,Gondomar,Fânzeres,Rua Lomba (FANZERES),41.1548538,-8.5535287,NC,55.0,2006-02-05T21:00,5.5,87,3.4,3.0,0.0,0.0,0.0,0.0,0,1024.1,1017.2,0,0,0,0,0.0,0.12,6.9,9.7,51,22,13.0,6.3,8.5,9.1,12.4,0.349,0.357,0.365,0.331,0,0.0,0.0,0.0,0.0,0.0,0.0,0.0,0.0,0.0,0.0,0.0,0.0,0.0,Magnoliopsida; Tracheophyta; Eucalyptus L'Hér.
2006,2006-02-05,Porto,Paredes,Vilela,L.S Marinha (VILELA),41.2434728,-8.3802017,NC,305.0,2006-02-05T11:00,7.8,59,0.2,4.0,0.0,0.0,0.0,0.0,0,1024.4,987.2,0,0,0,0,0.17,0.44,12.0,16.7,97,97,30.6,6.2,4.6,6.7,10.3,0.356,0.36,0.37,0.348,1,3600.0,477.2,396.6,80.7,853.3,477.2,654.1,426.0,354.0,72.0,853.3,426.0,583.9,Magnoliopsida; Pinus pinaster Aiton; Eucalyptus L'Hér.; Tracheophyta; Vitis vinifera L.
2006,2006-02-05,Porto,Marco de Canaveses,Constance,L.Soutelo (Soutelo),41.2140707,-8.1661393,NC,158.0,2006-02-05T16:00,11.8,49,1.3,9.5,0.0,0.0,0.0,0.0,0,1022.5,1003.3,0,0,0,0,0.16,0.71,2.7,4.3,67,66,18.0,10.4,6.7,7.4,10.9,0.351,0.362,0.374,0.361,1,3600.0,297.2,240.4,56.8,796.3,297.2,424.9,361.0,292.0,69.0,796.3,361.0,516.1,Vitis vinifera L.; Tracheophyta; Pinus pinaster Aiton; Magnoliopsida; Eucalyptus L'Hér.; ; Quercus L.
2006,2006-02-05,Porto,Amarante,Rebordelo,SO BRAZ (REBORDELO),41.3580706,-7.9584414,NC,425.0,2006-02-05T23:00,-0.2,85,-2.4,-4.2,0.0,0.0,0.0,0.0,0,1025.0,972.2,0,0,0,0,0.0,0.09,10.1,15.9,88,87,30.6,1.1,4.1,5.2,9.1,0.346,0.356,0.378,0.373,0,0.0,0.0,0.0,0.0,0.0,0.0,0.0,0.0,0.0,0.0,0.0,0.0,0.0,Eucalyptus L'Hér.; Tracheophyta; Magnoliopsida; Pinus pinaster Aiton; 
2006,2006-02-05,Porto,Penafiel,Fonte Arcada,Fontelo,41.1471291,-8.3623376,NC,194.0,2006-02-05T16:00,11.8,49,1.3,8.6,0.0,0.0,0.0,0.0,0,1022.5,999.0,0,0,0,0,0.18,0.71,8.9,12.7,76,75,27.4,10.5,6.9,7.5,11.0,0.351,0.361,0.371,0.351,1,3600.0,300.9,244.0,56.9,803.2,300.9,427.5,365.0,296.0,69.0,803.2,365.0,518.6,Magnoliopsida; Eucalyptus L'Hér.; Vitis vinifera L.; Tracheophyta
2006,2006-02-05,Porto,Amarante,Figueiró (Santa Cristina),L.Ermida (Ermida),41.2990437,-8.1857062,NC,410.0,2006-02-05T15:00,10.5,49,0.2,6.7,0.0,0.0,0.0,0.0,0,1022.5,973.5,0,0,0,0,0.23,0.65,11.7,16.2,72,73,34.6,8.7,4.2,5.2,9.0,0.345,0.357,0.378,0.375,1,3600.0,444.8,375.2,69.6,886.3,444.8,595.8,492.0,415.0,77.0,886.3,492.0,658.9,Magnoliopsida; Eucalyptus L'Hér.; Tracheophyta; Vitis vinifera L.
2006,2006-02-05,Porto,Matosinhos,Leça da Palmeira,Gonalves (Gonçalves),41.19933445,-8.689723495353011,NC,33.0,2006-02-05T15:00,13.2,49,2.9,11.1,0.0,0.0,0.0,0.0,0,1022.9,1018.9,0,0,0,0,0.24,0.77,3.3,4.4,103,99,17.3,12.0,8.0,8.9,12.2,0.344,0.355,0.369,0.341,1,3600.0,436.9,365.3,71.6,853.9,436.9,601.9,482.0,403.0,79.0,853.9,482.0,664.1,Tracheophyta; Eucalyptus L'Hér.; Magnoliopsida
2006,2006-06-08,Porto,Póvoa de Varzim,Póvoa de Varzim,RUA ABADE MARTINS FARIA (Rua Acácio Barroso),41.3778761,-8.758443632782878,NC,8.0,2006-06-08T14:00,24.9,55,15.2,26.4,0.0,0.0,0.0,0.0,1,1015.3,1014.4,20,20,2,4,0.6,1.41,15.0,18.4,228,222,29.9,31.0,23.3,20.2,15.1,0.097,0.196,0.291,0.374,1,3600.0,899.3,766.1,133.2,851.3,899.3,1194.8,925.0,788.0,137.0,851.3,925.0,1229.0,Tracheophyta; Magnoliopsida
2006,2006-06-24,Porto,Vila Nova de Gaia,Gulpilhares,EN-109 (GULPILHARES),41.0857911,-8.630494,NC,59.0,2006-06-24T00:00,16.3,90,14.7,15.0,0.0,0.0,0.0,0.0,2,1015.4,1008.4,63,70,0,0,0.01,0.18,19.5,25.1,332,335,27.4,19.3,22.5,20.0,16.4,0.169,0.193,0.264,0.366,0,0.0,0.0,0.0,0.0,0.0,0.0,0.0,0.0,0.0,0.0,0.0,0.0,0.0,Tracheophyta; Eucalyptus L'Hér.; Magnoliopsida
2006,2006-02-09,Porto,Gondomar,Gondomar (são Cosme),R. Cavadas (Alto das Cavadas),41.0761981,-8.4146959,NC,100.0,2006-02-09T16:00,16.0,47,4.8,14.6,0.0,0.0,0.0,0.0,1,1014.6,1002.7,36,0,14,91,0.16,0.96,1.3,1.8,304,307,7.9,13.1,8.2,8.0,11.3,0.334,0.347,0.366,0.351,1,3600.0,262.0,197.9,64.0,615.0,262.0,452.4,315.0,238.0,77.0,615.0,315.0,543.9,Magnoliopsida; Eucalyptus L'Hér.; Tracheophyta
2006,2006-02-08,Porto,Vila do Conde,Rio Mau,RUA N 2 (RIO MAU),41.3998825,-8.679213250763354,NC,54.0,2006-02-08T14:00,14.8,48,3.8,13.1,0.0,0.0,0.0,0.0,0,1018.4,1011.9,1,0,0,4,0.29,0.88,2.7,2.4,293,297,10.1,13.2,7.5,8.5,11.9,0.328,0.343,0.366,0.345,1,3600.0,549.8,470.0,79.8,903.2,549.8,731.6,572.0,489.0,83.0,903.2,572.0,761.1,Pinus pinaster Aiton; Tracheophyta; Eucalyptus L'Hér.
2006,2006-02-09,Porto,Gondomar,São Pedro da Cova,R. Jernimo A. Bastos (SÃO PEDRO DA COVA),41.1346344,-8.5168448,NC,169.0,2006-02-09T23:00,7.1,80,3.9,4.7,0.0,0.0,0.0,0.0,1,1014.9,994.2,35,0,11,94,0.0,0.2,6.5,12.8,96,101,17.6,7.2,8.3,8.1,11.2,0.334,0.344,0.362,0.34,0,0.0,0.0,0.0,0.0,0.0,0.0,0.0,0.0,0.0,0.0,0.0,0.0,0.0,Pinus pinaster Aiton; Eucalyptus L'Hér.; Vitis vinifera L.; Tracheophyta; Magnoliopsida
2006,2006-06-24,Porto,Gondomar,São Pedro da Cova,RUA TARDARIZ (SÃO PEDRO DA COVA),41.1346344,-8.5168448,NC,169.0,2006-06-24T03:00,15.3,93,14.2,15.4,0.0,0.0,0.0,0.0,3,1014.1,994.0,90,100,0,0,0.0,0.11,8.5,11.8,306,310,17.3,18.1,21.5,19.5,15.6,0.17,0.192,0.253,0.365,0,0.0,0.0,0.0,0.0,0.0,0.0,0.0,0.0,0.0,0.0,0.0,0.0,0.0,Pinus pinaster Aiton; Eucalyptus L'Hér.; Vitis vinifera L.; Tracheophyta; Magnoliopsida
2006,2006-02-07,Porto,Santo Tirso,Aves,Lg.Ponte nova (Ponte Nova),41.3606851,-8.407702,NC,119.0,2006-02-07T13:00,13.4,48,2.7,10.7,0.0,0.0,0.0,0.0,0,1024.0,1009.6,0,0,0,0,0.3,0.8,8.7,11.2,95,96,20.5,10.5,5.9,7.6,11.0,0.34,0.352,0.376,0.383,1,3600.0,592.7,509.1,83.5,926.8,592.7,772.6,589.0,506.0,83.0,926.8,589.0,767.8,Magnoliopsida; Tracheophyta; Pinus pinaster Aiton; Eucalyptus L'Hér.; Vitis vinifera L.; Pinales; Acacia Mill.; 
2006,2006-06-23,Porto,Matosinhos,São Mamede de Infesta,LARGO DO ARAÚJO (Largo do Marco),41.18248185,-8.652700694190871,NC,80.0,2006-06-23T15:00,23.9,59,15.4,23.4,0.0,0.0,0.0,0.0,0,1014.0,1004.7,0,0,0,0,0.53,1.22,25.6,32.4,321,323,44.6,28.5,22.7,19.8,16.2,0.171,0.194,0.264,0.367,1,3600.0,812.3,700.6,111.7,852.6,812.3,1087.9,858.0,740.0,118.0,852.6,858.0,1149.2,Tracheophyta
2006,2006-02-09,Porto,Paços de Ferreira,Meixomil,Pises (MEIXOMIL),41.29029805,-8.39087970179239,NC,287.0,2006-02-09T19:00,8.4,77,4.6,6.0,0.0,0.0,0.0,0.0,1,1014.3,979.7,31,0,3,98,0.01,0.26,7.8,9.2,77,69,12.6,7.6,7.1,6.6,9.9,0.327,0.343,0.37,0.367,0,0.0,0.0,0.0,0.0,0.0,0.0,0.0,0.0,0.0,0.0,0.0,0.0,0.0,Eucalyptus L'Hér.; Quercus L.; Tracheophyta; Magnoliopsida; Pinus pinaster Aiton; 
2006,2006-02-08,Porto,Paredes,Lordelo,Zona Industrial (LORDELO),41.252109950000005,-8.427403771218074,NC,302.0,2006-02-08T16:00,13.7,47,2.5,11.4,0.0,0.0,0.0,0.0,0,1017.5,981.7,7,0,0,24,0.19,0.84,3.8,4.6,311,315,11.9,11.6,6.3,6.5,9.9,0.33,0.347,0.371,0.367,1,3600.0,315.3,258.1,57.3,816.1,315.3,444.6,380.0,311.0,69.0,816.1,380.0,535.8,Magnoliopsida; Pinus pinaster Aiton; Eucalyptus L'Hér.; Tracheophyta; Vitis vinifera L.
2006,2006-01-22,Porto,Vila Nova de Gaia,Crestuma,R. Vale da Cana (Rua Cicular do Vale da Cana),41.0672014,-8.51628885774278,NC,167.0,2006-01-22T23:00,2.2,98,1.9,-0.3,0.0,0.0,0.0,0.0,0,1024.7,1003.7,0,0,0,0,0.0,0.02,4.7,7.7,99,79,13.3,4.4,7.6,9.0,12.6,0.37,0.377,0.387,0.335,0,0.0,0.0,0.0,0.0,0.0,0.0,0.0,0.0,0.0,0.0,0.0,0.0,0.0,Eucalyptus L'Hér.; Pinus pinaster Aiton; Magnoliopsida; Tracheophyta
2006,2006-02-06,Porto,Marco de Canaveses,Banho e Carvalhosa,L.Legua (BANHO E CARVALHOSA),41.237509450000005,-8.1634044100572,NC,245.0,2006-02-06T16:00,11.2,50,1.2,8.0,0.0,0.0,0.0,0.0,0,1024.8,995.2,0,0,0,0,0.18,0.66,8.6,12.3,90,93,23.8,9.0,4.9,6.2,10.0,0.344,0.356,0.372,0.36,1,3600.0,302.5,245.6,56.9,805.2,302.5,429.2,367.0,298.0,69.0,805.2,367.0,520.6,Tracheophyta; Pinus pinaster Aiton; Magnoliopsida; Vitis vinifera L.; Eucalyptus L'Hér.; ; Acacia Mill.
2006,2006-06-08,Porto,Marco de Canaveses,Paços de Gaiolo,JUNTO CAMPO FUTEBOL (PAÇOS DE GAIOLO),41.1022563,-8.1114297,NC,213.0,2006-06-08T16:00,26.3,45,13.4,25.9,0.0,0.0,0.0,0.0,0,1013.7,989.4,0,0,0,0,0.52,1.88,15.9,20.7,264,262,35.3,30.4,22.9,18.5,13.4,0.112,0.195,0.287,0.377,1,3600.0,649.9,513.1,136.7,751.3,649.9,906.8,713.0,563.0,150.0,751.3,713.0,994.9,Magnoliopsida; Pinus pinaster Aiton; Tracheophyta; Quercus suber L.; Vitis vinifera L.; Eucalyptus L'Hér.; Olea europaea L.; 
2006,2006-02-09,Porto,Amarante,Aboadela,TR. FONTES (ABOADELA),41.270118100000005,-7.990206193986382,NC,367.0,2006-02-09T10:00,7.2,73,2.6,4.1,0.0,0.0,0.0,0.0,0,1017.1,972.8,16,0,0,53,0.11,0.28,9.3,13.3,77,87,23.0,0.8,2.6,5.2,9.1,0.337,0.347,0.368,0.355,1,3600.0,349.1,259.7,89.4,690.5,349.1,528.6,285.0,212.0,73.0,690.5,285.0,431.5,Magnoliopsida; Eucalyptus L'Hér.; Pinus pinaster Aiton; Tracheophyta; Acacia Mill.; 
2006,2006-06-24,Porto,Paredes,Madalena,LG. PENA (MADALENA),41.21546375,-8.33186585528,NC,152.0,2006-06-24T16:00,21.9,64,14.8,21.4,0.0,0.0,0.0,0.0,3,1014.8,997.1,81,80,15,0,0.41,0.95,18.4,24.5,309,311,40.7,25.1,21.6,19.4,15.3,0.194,0.223,0.264,0.367,1,3600.0,614.9,485.9,129.0,697.0,614.9,922.9,672.0,531.0,141.0,697.0,672.0,1008.6,Magnoliopsida; Pinus pinaster Aiton; Eucalyptus L'Hér.; Tracheophyta; Vitis vinifera L.; Quercus L.
2006,2006-06-26,Porto,Vila Nova de Gaia,Mafamude,RUA PADELAS (Rua Padre António Soares),41.11230175,-8.59788539633546,NC,201.0,2006-06-26T02:00,14.3,90,12.6,13.6,0.0,0.0,0.0,0.0,2,1017.1,993.1,76,57,1,79,0.0,0.17,9.9,14.2,327,330,19.4,16.8,20.0,19.2,15.4,0.148,0.187,0.258,0.361,0,0.0,0.0,0.0,0.0,0.0,0.0,0.0,0.0,0.0,0.0,0.0,0.0,0.0,Magnoliopsida; Tracheophyta; Pinus pinaster Aiton; Pinus pinea L.
2006,2006-02-09,Porto,Paredes,Lordelo,Zo. Industrial (LORDELO),41.252109950000005,-8.427403771218074,NC,302.0,2006-02-09T17:00,13.9,58,5.8,12.4,0.0,0.0,0.0,0.0,1,1014.6,978.9,30,0,5,90,0.09,0.67,3.3,3.8,13,41,9.4,10.8,6.8,6.5,9.8,0.327,0.344,0.37,0.367,1,3600.0,111.2,59.6,51.6,363.6,111.2,230.5,166.0,89.0,77.0,363.6,166.0,344.0,Magnoliopsida; Pinus pinaster Aiton; Eucalyptus L'Hér.; Tracheophyta; Vitis vinifera L.
2006,2006-06-08,Porto,Baião,Gove,Moinhos Novos,41.1565523,-8.0445058,NC,659.0,2006-06-08T21:00,17.9,65,11.3,17.5,0.0,0.0,0.0,0.0,0,1014.3,939.3,3,0,0,10,0.01,0.72,5.8,10.2,274,278,17.3,21.5,22.0,16.9,11.8,0.117,0.183,0.277,0.367,0,0.0,0.0,0.0,0.0,0.0,0.0,0.0,0.0,0.0,0.0,0.0,0.0,0.0,Tracheophyta; Magnoliopsida; Pinales; Eucalyptus L'Hér.; Vitis vinifera L.; Quercus L.; Pinus pinaster Aiton; 
2006,2006-02-10,Porto,Paredes,Louredo,S.Bento (São Bento),41.2375906,-8.3423236,NC,224.0,2006-02-10T21:00,11.3,68,5.7,9.9,0.0,0.0,0.0,0.0,0,1016.7,989.8,13,0,16,10,0.0,0.42,2.5,1.8,98,360,5.4,6.6,7.8,6.8,10.0,0.337,0.344,0.366,0.357,0,0.0,0.0,0.0,0.0,0.0,0.0,0.0,0.0,0.0,0.0,0.0,0.0,0.0,Tracheophyta; Magnoliopsida; Eucalyptus L'Hér.; Pinus pinaster Aiton; Vitis vinifera L.; 
2006,2006-02-06,Porto,Santo Tirso,Água Longa,Igreja,41.2565431,-8.4967031,NC,110.0,2006-02-06T14:00,12.3,49,2.0,9.0,0.0,0.0,0.0,0.0,0,1024.9,1011.5,0,0,0,0,0.27,0.73,10.9,14.2,98,99,24.5,10.8,6.7,8.1,11.6,0.345,0.353,0.369,0.354,1,3600.0,539.6,460.9,78.7,899.2,539.6,721.0,562.0,480.0,82.0,899.2,562.0,751.0,Tracheophyta; Eucalyptus L'Hér.; Pinales; Vitis vinifera L.
2006,2006-02-09,Porto,Valongo,Alfena,R. Central Reguengo (Reguengo),41.2224153,-8.5372165,NC,89.0,2006-02-09T22:00,7.9,80,4.7,5.3,0.0,0.0,0.0,0.0,2,1014.7,1003.8,57,0,46,97,0.01,0.21,8.9,17.9,76,80,18.7,7.8,8.7,8.5,11.7,0.327,0.34,0.36,0.333,0,0.0,0.0,0.0,0.0,0.0,0.0,0.0,0.0,0.0,0.0,0.0,0.0,0.0,Tracheophyta; Magnoliopsida; Pinus pinaster Aiton; Eucalyptus L'Hér.
2006,2006-01-27,Porto,Marco de Canaveses,Banho e Carvalhosa,Lug. Agrelo (BANHO E CARVALHOSA),41.237509450000005,-8.1634044100572,NC,245.0,2006-01-27T18:00,6.0,46,-4.7,1.6,0.0,0.0,0.0,0.0,0,1010.9,981.1,0,0,0,0,0.05,0.5,11.3,18.3,27,36,23.4,5.6,5.5,7.2,10.8,0.353,0.365,0.385,0.358,0,531.81,0.0,0.0,0.0,0.0,0.0,0.0,23.0,13.0,10.0,143.1,23.0,67.6,Tracheophyta; Pinus pinaster Aiton; Magnoliopsida; Vitis vinifera L.; Eucalyptus L'Hér.; ; Acacia Mill.
2006,2006-02-07,Porto,Amarante,Aboadela,R. Vale da Cana (ABOADELA),41.270118100000005,-7.990206193986382,NC,367.0,2006-02-07T00:00,-1.0,86,-3.1,-4.8,0.0,0.0,0.0,0.0,0,1026.3,980.3,0,0,0,0,0.0,0.08,8.6,14.0,68,89,22.3,0.6,3.7,5.4,9.3,0.342,0.353,0.371,0.355,0,0.0,0.0,0.0,0.0,0.0,0.0,0.0,0.0,0.0,0.0,0.0,0.0,0.0,Magnoliopsida; Eucalyptus L'Hér.; Pinus pinaster Aiton; Tracheophyta; Acacia Mill.; 
2006,2006-06-26,Porto,Maia,Pedrouços,Travessa da Cabine,41.191341,-8.5837662,NC,143.0,2006-06-26T15:00,21.0,55,11.5,19.1,0.0,0.0,0.0,0.0,2,1016.2,999.5,58,30,2,100,0.41,1.13,19.6,25.5,317,320,36.0,24.3,20.3,19.4,15.9,0.156,0.184,0.259,0.361,1,3600.0,609.8,340.0,269.9,413.4,609.8,1088.5,644.0,359.0,285.0,413.4,644.0,1149.5,Tracheophyta; Magnoliopsida; 
2006,2006-02-07,Porto,Gondomar,Melres,Branzelo,41.0843498,-8.422353,NC,171.0,2006-02-07T15:00,14.1,47,2.9,11.5,0.0,0.0,0.0,0.0,0,1021.7,1001.2,0,0,0,0,0.26,0.85,6.4,8.9,74,76,17.6,11.7,6.5,7.5,11.0,0.342,0.354,0.369,0.351,1,3600.0,458.3,387.5,70.8,885.8,458.3,615.2,505.0,427.0,78.0,885.8,505.0,678.0,Eucalyptus L'Hér.; Tracheophyta; Magnoliopsida
2006,2006-02-10,Porto,Vila Nova de Gaia,Madalena,Rua Bela Vista (Rotunda da Bela),41.1063312,-8.6429519,NC,38.0,2006-02-10T23:00,7.9,89,6.2,6.1,0.0,0.0,0.0,0.0,0,1017.7,1013.0,18,0,14,31,0.0,0.12,6.4,12.6,38,20,12.6,8.3,10.1,9.5,12.2,0.337,0.344,0.362,0.339,0,0.0,0.0,0.0,0.0,0.0,0.0,0.0,0.0,0.0,0.0,0.0,0.0,0.0,Tracheophyta; Magnoliopsida; Eucalyptus L'Hér.
2006,2006-02-10,Porto,Paços de Ferreira,Meixomil,Rua Boavista (MEIXOMIL),41.29029805,-8.39087970179239,NC,287.0,2006-02-10T12:00,12.8,60,5.2,10.9,0.0,0.0,0.0,0.0,2,1016.3,982.2,63,0,64,82,0.19,0.6,5.0,6.8,90,90,15.8,9.9,6.4,6.7,9.9,0.331,0.342,0.369,0.367,1,3600.0,384.4,203.3,181.1,370.0,384.4,771.9,365.0,193.0,172.0,370.0,365.0,732.9,Eucalyptus L'Hér.; Quercus L.; Tracheophyta; Magnoliopsida; Pinus pinaster Aiton; 
2006,2006-02-10,Porto,Amarante,Aboadela,QTA AMARELA (ABOADELA),41.270118100000005,-7.990206193986382,NC,367.0,2006-02-10T23:00,9.4,75,5.1,7.6,0.0,0.0,0.0,0.0,0,1017.8,973.8,11,0,18,0,0.0,0.3,4.2,3.2,59,27,10.1,4.5,6.2,5.4,8.9,0.336,0.344,0.367,0.355,0,0.0,0.0,0.0,0.0,0.0,0.0,0.0,0.0,0.0,0.0,0.0,0.0,0.0,Magnoliopsida; Eucalyptus L'Hér.; Pinus pinaster Aiton; Tracheophyta; Acacia Mill.; 
2006,2006-01-30,Porto,Matosinhos,Leça da Palmeira,R. MONTE CORGO (Rua Adolfo Casais Monteiro),41.1875757,-8.693381,NC,0.0,2006-01-30T22:00,3.3,86,1.2,-0.3,0.0,0.0,0.0,0.0,0,1022.5,1022.5,0,0,0,0,0.0,0.11,11.4,13.8,24,7,18.7,3.9,6.7,9.1,12.9,0.338,0.352,0.376,0.339,0,0.0,0.0,0.0,0.0,0.0,0.0,0.0,0.0,0.0,0.0,0.0,0.0,0.0,Tracheophyta
2006,2006-02-10,Porto,Gondomar,Fânzeres,Trav. Adelino A. Costa (FANZERES),41.1548538,-8.5535287,NC,55.0,2006-02-10T17:00,15.5,76,11.3,15.6,0.0,0.0,0.0,0.0,1,1015.1,1008.5,26,0,40,8,0.06,0.42,2.2,2.9,9,60,8.6,12.9,10.0,9.2,12.1,0.333,0.341,0.36,0.332,1,1648.58,75.5,19.7,55.8,115.0,75.5,241.0,111.0,29.0,82.0,115.0,111.0,354.4,Magnoliopsida; Tracheophyta; Eucalyptus L'Hér.
2006,2006-06-26,Porto,Gondomar,Foz do Sousa,LG. JANCIDO (FOZ DO SOUSA),41.0916552,-8.5093029,NC,21.0,2006-06-26T19:00,19.0,66,12.6,16.2,0.0,0.0,0.0,0.0,1,1016.6,1014.1,24,0,0,81,0.15,0.74,25.0,34.6,337,339,41.8,22.8,21.7,20.4,17.0,0.122,0.153,0.219,0.336,1,3600.0,105.4,35.4,70.0,184.1,105.4,254.1,155.0,52.0,103.0,184.1,155.0,373.8,Tracheophyta; Magnoliopsida; Eucalyptus L'Hér.; Pinus pinaster Aiton
2006,2006-02-11,Porto,Penafiel,Guilhufe,Retorta,41.19506315,-8.316645893890302,NC,207.0,2006-02-11T15:00,14.7,59,6.8,12.3,0.0,0.0,0.0,0.0,0,1018.5,993.8,0,0,0,0,0.25,0.68,10.2,13.6,280,281,24.5,13.5,8.1,7.1,10.1,0.333,0.343,0.366,0.357,1,3600.0,449.5,372.2,77.3,819.8,449.5,637.5,494.0,409.0,85.0,819.8,494.0,700.7,Tracheophyta; Magnoliopsida
2006,2006-06-26,Porto,Paredes,Sobreira,Valinhos,41.1464669,-8.388977,NC,104.0,2006-06-26T20:00,18.1,70,12.6,17.0,0.0,0.0,0.0,0.0,1,1016.2,1003.9,22,1,2,67,0.07,0.62,13.6,23.5,323,331,31.0,20.8,21.0,19.7,16.1,0.173,0.211,0.261,0.365,1,1231.39,7.1,2.2,4.9,25.4,5.5,18.5,51.0,16.0,35.0,122.4,51.0,133.5,Magnoliopsida; Pinus pinaster Aiton; Eucalyptus L'Hér.; Tracheophyta; Vitis vinifera L.
2006,2006-06-25,Porto,Gondomar,Rio Tinto,RUA DAS 7 CAPELAS (Rua do Padre Dehon),41.1807166,-8.5575691,NC,71.0,2006-06-25T17:00,19.5,67,13.3,18.3,0.0,0.0,0.0,0.0,1,1016.8,1008.4,45,44,0,17,0.27,0.75,16.0,20.9,301,302,34.2,24.1,21.5,19.9,16.3,0.159,0.185,0.26,0.362,1,3600.0,374.7,233.2,141.5,428.7,374.7,720.0,429.0,267.0,162.0,428.7,429.0,824.4,Tracheophyta; Magnoliopsida
2006,2006-02-11,Porto,Lousada,Covas,Granja,41.287878,-8.3163704,NC,250.0,2006-02-11T18:00,11.4,73,6.7,9.8,0.0,0.0,0.0,0.0,0,1018.8,988.8,0,0,0,0,0.02,0.37,5.2,5.5,205,203,9.4,10.5,8.5,6.8,9.8,0.325,0.341,0.37,0.373,1,2003.3,0.0,0.0,0.0,0.0,0.0,0.0,58.0,36.0,22.0,294.7,58.0,115.4,Eucalyptus L'Hér.; Tracheophyta; Magnoliopsida
2006,2006-02-10,Porto,Amarante,Travanca,Travanca Monte (TRAVANCA),41.27837235,-8.192587428399488,NC,226.0,2006-02-10T11:00,12.1,67,6.2,10.2,0.2,0.2,0.0,0.0,51,1016.5,989.4,62,0,66,73,0.15,0.47,6.9,9.5,99,101,18.0,8.9,6.1,6.7,10.0,0.338,0.345,0.367,0.357,1,3600.0,333.3,150.5,182.8,309.2,333.3,683.8,299.0,135.0,164.0,309.2,299.0,613.4,Tracheophyta; Magnoliopsida; Eucalyptus L'Hér.; Vitis vinifera L.; Pinus pinaster Aiton; 
2006,2006-02-12,Porto,Paços de Ferreira,Eiriz,Vilar das Cabras (Alto de Vilar),41.3049149,-8.3821976,NC,329.0,2006-02-12T14:00,14.7,53,5.1,12.4,0.0,0.0,0.0,0.0,1,1023.0,984.0,26,0,0,88,0.31,0.8,9.1,11.6,99,97,25.2,12.3,6.8,6.8,9.5,0.322,0.338,0.367,0.367,1,3600.0,566.3,481.7,84.6,893.8,566.3,756.7,589.0,501.0,88.0,893.8,589.0,787.0,Tracheophyta; Eucalyptus L'Hér.; Magnoliopsida; ; Pinus pinaster Aiton; Quercus L.
2006,2006-02-13,Porto,Paços de Ferreira,Meixomil,Pises (MEIXOMIL),41.29029805,-8.39087970179239,NC,287.0,2006-02-13T18:00,9.8,85,7.4,8.2,0.0,0.0,0.0,0.0,3,1022.4,987.7,89,69,0,91,0.02,0.19,6.9,10.4,264,272,14.8,10.1,8.2,7.2,9.7,0.317,0.335,0.365,0.367,1,2193.53,0.2,0.1,0.1,1.3,0.2,0.5,55.0,27.0,28.0,212.4,55.0,128.8,Eucalyptus L'Hér.; Quercus L.; Tracheophyta; Magnoliopsida; Pinus pinaster Aiton; 
2006,2006-02-13,Porto,Gondomar,São Pedro da Cova,R.Das bocas (SÃO PEDRO DA COVA),41.1346344,-8.5168448,NC,169.0,2006-02-13T16:00,11.6,80,8.3,9.7,0.0,0.0,0.0,0.0,2,1022.6,1002.1,65,41,0,95,0.14,0.27,9.9,12.8,280,281,24.5,12.8,9.1,8.6,11.0,0.323,0.335,0.358,0.341,1,3600.0,268.5,160.2,108.2,471.3,268.5,477.2,320.0,191.0,129.0,471.3,320.0,568.7,Pinus pinaster Aiton; Eucalyptus L'Hér.; Vitis vinifera L.; Tracheophyta; Magnoliopsida
2006,2006-02-10,Porto,Santo Tirso,Couto (Santa Cristina),MONTE N. SR ASSUNO (Bouças do Monte),41.3352516,-8.496172024185867,NC,118.0,2006-02-10T17:00,15.1,70,9.6,14.6,0.0,0.0,0.0,0.0,1,1015.1,1001.0,26,0,40,8,0.07,0.52,2.2,2.9,9,60,8.6,12.2,9.1,8.2,11.2,0.333,0.341,0.364,0.354,1,1682.14,75.2,19.6,55.5,116.1,75.2,237.7,111.0,29.0,82.0,116.1,111.0,351.0,Tracheophyta; Vitis vinifera L.; Eucalyptus L'Hér.; Pinales; Magnoliopsida; Pinus pinaster Aiton
2006,2006-02-15,Porto,Amarante,Aboadela,Rua Vale Cana (ABOADELA),41.270118100000005,-7.990206193986382,NC,367.0,2006-02-15T01:00,4.4,100,4.3,2.5,0.0,0.0,0.0,0.0,1,1025.1,980.0,50,22,3,94,0.0,0.0,3.3,3.3,77,84,9.4,5.2,7.2,6.3,8.7,0.321,0.335,0.362,0.355,0,0.0,0.0,0.0,0.0,0.0,0.0,0.0,0.0,0.0,0.0,0.0,0.0,0.0,Magnoliopsida; Eucalyptus L'Hér.; Pinus pinaster Aiton; Tracheophyta; Acacia Mill.; 
2006,2006-02-13,Porto,Lousada,Caíde de Rei,Felgueiras,41.2665233,-8.2216457,NC,244.0,2006-02-13T19:00,8.9,93,7.8,7.2,0.0,0.0,0.0,0.0,3,1022.6,992.9,93,72,0,95,0.0,0.09,7.6,10.0,273,283,14.0,9.0,8.1,6.9,9.5,0.32,0.338,0.368,0.374,0,0.0,0.0,0.0,0.0,0.0,0.0,0.0,0.0,0.0,0.0,0.0,0.0,0.0,Eucalyptus L'Hér.; Tracheophyta; Magnoliopsida
2006,2006-02-27,Porto,Penafiel,Bustelo,Variante Cavalum (BUSTÊLO),41.2353433,-8.2742314,NC,178.0,2006-02-27T01:00,1.1,86,-1.1,-2.3,0.0,0.0,0.0,0.0,0,1014.4,992.2,0,0,0,0,0.0,0.1,7.6,19.5,45,51,16.6,2.4,5.8,7.4,9.6,0.406,0.412,0.414,0.369,0,0.0,0.0,0.0,0.0,0.0,0.0,0.0,0.0,0.0,0.0,0.0,0.0,0.0,Magnoliopsida; Tracheophyta; Eucalyptus L'Hér.; Pinus pinaster Aiton; Vitis vinifera L.; Pinales; 
2006,2006-02-11,Porto,Amarante,Figueiró (Santiago),Aguela,41.2894833,-8.155317,NC,471.0,2006-02-11T20:00,9.5,75,5.3,7.7,0.0,0.0,0.0,0.0,0,1019.5,963.4,0,0,0,0,0.0,0.29,4.0,7.6,265,265,12.6,6.0,6.9,5.1,8.3,0.327,0.342,0.371,0.377,0,0.0,0.0,0.0,0.0,0.0,0.0,0.0,0.0,0.0,0.0,0.0,0.0,0.0,Magnoliopsida; Tracheophyta; Eucalyptus L'Hér.; Pinus pinaster Aiton
2006,2006-02-12,Porto,Paredes,Sobrosa,Lomba,41.2497289,-8.3552315,NC,315.0,2006-02-12T16:00,15.2,50,4.9,12.9,0.0,0.0,0.0,0.0,0,1022.4,985.1,12,0,0,39,0.21,0.86,7.1,9.6,105,103,21.2,12.5,7.6,7.0,9.7,0.328,0.338,0.361,0.349,1,3600.0,328.8,268.5,60.2,804.5,328.8,468.6,393.0,321.0,72.0,804.5,393.0,560.2,Magnoliopsida; Pinus pinaster Aiton; Eucalyptus L'Hér.; Tracheophyta; Vitis vinifera L.
2006,2006-02-28,Porto,Penafiel,Santiago de Subarrifana,Rua Monte (Rua do Monte),41.2153552,-8.303501,NC,180.0,2006-02-28T04:00,-0.5,87,-2.4,-4.1,0.0,0.0,0.0,0.0,0,1014.6,992.0,0,0,0,0,0.0,0.08,8.0,14.8,72,89,19.1,1.7,5.4,7.3,9.6,0.395,0.402,0.41,0.37,0,0.0,0.0,0.0,0.0,0.0,0.0,0.0,0.0,0.0,0.0,0.0,0.0,0.0,Vitis vinifera L.; Tracheophyta; Eucalyptus L'Hér.
2006,2006-02-10,Porto,Lousada,Ordem,Outeiro,41.262712,-8.2876117,NC,248.0,2006-02-10T01:00,3.8,89,2.1,1.2,0.0,0.0,0.0,0.0,1,1015.3,984.8,43,0,25,92,0.0,0.09,5.7,8.4,108,130,15.8,4.5,6.2,6.5,9.9,0.331,0.345,0.372,0.373,0,0.0,0.0,0.0,0.0,0.0,0.0,0.0,0.0,0.0,0.0,0.0,0.0,0.0,Magnoliopsida; Olea europaea L.; Pinus pinaster Aiton; Eucalyptus L'Hér.; Vitis vinifera L.; Tracheophyta
2006,2006-02-06,Porto,Maia,Águas Santas,R. Serafim Cruz (Rua Serafim Alves da Cruz),41.2077591,-8.5727501,NC,123.0,2006-02-06T20:00,6.6,80,3.3,3.9,0.0,0.0,0.0,0.0,0,1025.8,1010.5,0,0,0,0,0.0,0.2,7.2,11.4,63,66,13.3,6.9,8.0,8.6,11.9,0.344,0.353,0.364,0.332,0,0.0,0.0,0.0,0.0,0.0,0.0,0.0,0.0,0.0,0.0,0.0,0.0,0.0,Tracheophyta; Pinus pinaster Aiton; Magnoliopsida; Eucalyptus L'Hér.; 
2006,2006-02-11,Porto,Amarante,Mancelos,Palhais,41.27516345,-8.15760649376759,NC,243.0,2006-02-11T19:00,11.2,74,6.7,9.5,0.0,0.0,0.0,0.0,0,1019.1,989.9,0,0,0,0,0.0,0.35,5.8,7.0,210,215,10.4,8.7,8.3,6.5,9.6,0.327,0.342,0.37,0.375,0,0.0,0.0,0.0,0.0,0.0,0.0,0.0,0.0,0.0,0.0,0.0,0.0,0.0,Tracheophyta; Magnoliopsida; Eucalyptus L'Hér.; Pinus pinaster Aiton; Vitis vinifera L.; 
2006,2006-06-10,Porto,Maia,Vermoim,RUA ALTO DE VILAR (Rua dos Altos),41.2381718,-8.6116528,NC,88.0,2006-06-10T12:00,21.8,64,14.6,21.2,0.0,0.0,0.0,0.0,3,1017.7,1007.4,100,61,84,2,0.34,0.95,14.8,19.2,221,220,31.0,23.4,20.8,19.8,15.0,0.141,0.185,0.277,0.37,1,3600.0,525.8,231.2,294.6,245.3,525.8,1250.5,514.0,226.0,288.0,245.3,514.0,1222.5,Tracheophyta; Eucalyptus L'Hér.; Magnoliopsida
2006,2006-02-15,Porto,Amarante,Figueiró (Santa Cristina),Raposeira,41.304388,-8.175056,NC,416.0,2006-02-15T18:00,9.6,89,7.8,7.3,0.0,0.0,0.0,0.0,3,1021.1,971.3,100,100,17,91,0.03,0.14,11.6,19.7,216,218,37.4,8.9,7.3,6.2,8.2,0.325,0.335,0.366,0.374,1,0.0,0.8,0.0,0.8,0.0,0.6,6.9,15.0,0.0,15.0,0.0,15.0,135.6,Magnoliopsida; Eucalyptus L'Hér.; Tracheophyta; Vitis vinifera L.
2006,2006-06-25,Porto,Vila Nova de Gaia,São Félix Da Marinha,Rua das Bocas,41.0305323,-8.6290322,NC,26.0,2006-06-25T17:00,20.0,66,13.4,18.3,0.0,0.0,0.0,0.0,1,1017.2,1014.1,45,50,0,0,0.28,0.8,19.1,23.7,313,314,34.9,25.5,22.3,20.5,16.9,0.125,0.155,0.219,0.336,1,3600.0,388.7,254.2,134.5,466.4,388.7,721.3,445.0,291.0,154.0,466.4,445.0,825.8,Eucalyptus L'Hér.; Magnoliopsida; Tracheophyta; Pinales; Pinus pinaster Aiton
2006,2006-07-03,Porto,Penafiel,Boelhe,Carvalhinhas,41.2061892,-8.2855653,NC,292.0,2006-07-03T12:00,22.2,54,12.5,24.1,0.0,0.0,0.0,0.0,1,1016.4,982.7,30,3,4,82,0.58,1.22,7.2,8.4,264,263,22.3,26.3,19.7,18.6,15.1,0.142,0.192,0.255,0.362,1,3600.0,938.3,775.4,162.9,824.6,938.3,1244.2,916.0,757.0,159.0,824.6,916.0,1214.6,Tracheophyta; Vitis vinifera L.; Magnoliopsida; Eucalyptus L'Hér.
2006,2006-02-10,Porto,Paredes,Baltar,Vila Nova,41.185243,-8.3909369,NC,288.0,2006-02-10T17:00,14.3,59,6.4,13.1,0.0,0.0,0.0,0.0,1,1015.2,981.2,33,0,46,18,0.07,0.67,1.8,2.5,90,90,7.9,11.1,7.9,6.9,10.0,0.336,0.343,0.364,0.349,1,2527.21,79.1,24.3,54.7,144.2,79.1,236.9,117.0,36.0,81.0,144.2,117.0,350.6,Magnoliopsida; Pinus pinaster Aiton; Eucalyptus L'Hér.; Tracheophyta; Vitis vinifera L.
2006,2006-06-10,Porto,Paredes,Castelões de Cepeda,Oural,41.2061219,-8.3306278725203,NC,174.0,2006-06-10T12:00,21.7,61,13.8,20.9,0.1,0.1,0.0,0.0,51,1017.8,997.5,95,40,87,22,0.37,1.01,13.8,18.3,213,212,35.6,22.8,20.1,18.9,14.0,0.156,0.184,0.277,0.376,1,3600.0,563.4,254.6,308.8,270.1,563.4,1251.1,551.0,249.0,302.0,270.1,551.0,1223.6,Magnoliopsida; Pinus pinaster Aiton; Eucalyptus L'Hér.; Tracheophyta; Vitis vinifera L.
2006,2006-02-12,Porto,Felgueiras,Caramos,Lama,41.3403403,-8.1701312,NC,337.0,2006-02-12T20:00,9.3,66,3.3,7.0,0.0,0.0,0.0,0.0,1,1023.6,982.9,28,0,0,92,0.01,0.39,5.1,4.6,94,72,9.4,6.6,7.3,6.1,8.9,0.322,0.34,0.369,0.375,0,0.0,0.0,0.0,0.0,0.0,0.0,0.0,0.0,0.0,0.0,0.0,0.0,0.0,Pinus pinaster Aiton; Tracheophyta; Eucalyptus L'Hér.; Magnoliopsida
2006,2006-02-09,Porto,Paços de Ferreira,Meixomil,Lug. Bous (MEIXOMIL),41.29029805,-8.39087970179239,NC,287.0,2006-02-09T22:00,5.4,84,2.9,2.7,0.0,0.0,0.0,0.0,1,1014.9,979.9,38,0,15,96,0.0,0.14,7.2,15.5,93,90,17.6,5.7,6.9,6.7,9.9,0.328,0.343,0.37,0.367,0,0.0,0.0,0.0,0.0,0.0,0.0,0.0,0.0,0.0,0.0,0.0,0.0,0.0,Eucalyptus L'Hér.; Quercus L.; Tracheophyta; Magnoliopsida; Pinus pinaster Aiton; 
2006,2006-03-13,Porto,Vila Nova de Gaia,Avintes,R.Agraceira (Rua Agraceira),41.108374,-8.5424986,NC,76.0,2006-03-13T19:00,14.9,83,12.1,13.8,0.0,0.0,0.0,0.0,1,1015.6,1006.5,30,0,0,99,0.03,0.29,12.0,22.8,351,355,20.5,15.1,13.8,10.7,10.7,0.368,0.379,0.392,0.36,0,158.87,0.0,0.0,0.0,0.0,0.0,0.0,18.0,8.0,10.0,87.6,18.0,66.4,Magnoliopsida; Tracheophyta; Pinales; Pinus pinea L.
2006,2006-06-26,Porto,Gondomar,São Pedro da Cova,ESTRADA D.MIGUEL (Estrada de Dom Miguel),41.1623423,-8.5183133,NC,180.0,2006-06-26T10:00,19.1,65,12.3,18.6,0.0,0.0,0.0,0.0,3,1016.9,995.8,100,96,0,92,0.28,0.77,8.1,9.8,339,343,21.6,21.1,19.4,19.3,15.6,0.149,0.186,0.258,0.361,1,3600.0,493.0,169.4,323.6,212.7,493.0,1054.3,454.0,156.0,298.0,212.7,454.0,971.0,Tracheophyta; Magnoliopsida; Eucalyptus L'Hér.
2006,2006-02-10,Porto,Baião,Teixeira,Mafomedes (Mafamedes),41.2167153,-7.9073451,NC,801.0,2006-02-10T23:00,7.0,78,3.4,5.1,0.0,0.0,0.0,0.0,1,1017.9,924.0,25,0,34,16,0.0,0.22,2.6,4.2,326,290,9.0,2.7,4.2,3.6,7.3,0.337,0.34,0.359,0.334,0,0.0,0.0,0.0,0.0,0.0,0.0,0.0,0.0,0.0,0.0,0.0,0.0,0.0,Magnoliopsida; Tracheophyta; Eucalyptus L'Hér.; Pinus pinaster Aiton; Vitis vinifera L.; Pinales; Quercus L.; 
2006,2006-07-03,Porto,Vila Nova de Gaia,Sermonde,R. LAVOURAS (Rampa das Lavouras),41.0157644,-8.5571611,NC,227.0,2006-07-03T14:00,23.4,49,12.1,24.4,0.0,0.0,0.0,0.0,2,1016.1,989.9,54,28,3,89,0.58,1.46,10.5,12.2,274,272,27.7,29.0,21.2,19.3,16.3,0.126,0.177,0.244,0.355,1,3600.0,866.9,661.3,205.5,729.3,866.9,1199.8,890.0,679.0,211.0,729.3,890.0,1231.8,Eucalyptus L'Hér.; Tracheophyta; Magnoliopsida
2006,2006-07-03,Porto,Santo Tirso,Guimarei,Costa da Quinta,41.31869835,-8.509147938338778,NC,231.0,2006-07-03T16:00,22.5,50,11.7,21.4,0.0,0.0,0.0,0.0,1,1016.0,989.3,26,3,6,67,0.4,1.35,12.3,15.0,291,291,23.4,27.5,21.5,19.1,15.6,0.131,0.163,0.245,0.363,1,3600.0,534.7,336.9,197.8,482.6,534.7,923.7,584.0,368.0,216.0,482.6,584.0,1008.8,Eucalyptus L'Hér.; Pinales; Magnoliopsida; Pinus pinaster Aiton
2006,2006-02-12,Porto,Paços de Ferreira,Eiriz,Lugar de Moinhos (Lugar de Vila),41.3049149,-8.3821976,NC,329.0,2006-02-12T16:00,15.2,50,4.9,13.1,0.0,0.0,0.0,0.0,0,1022.4,983.5,18,0,3,54,0.21,0.86,5.8,7.9,120,114,18.0,12.6,7.5,6.8,9.5,0.319,0.337,0.367,0.367,1,3600.0,327.0,267.7,59.4,803.4,327.0,467.7,391.0,320.0,71.0,803.4,391.0,559.2,Tracheophyta; Eucalyptus L'Hér.; Magnoliopsida; ; Pinus pinaster Aiton; Quercus L.
2006,2006-02-28,Porto,Penafiel,Rio de Moinhos,Ribeira,41.1113744,-8.2649364,NC,231.0,2006-02-28T20:00,5.9,67,0.3,2.5,0.0,0.0,0.0,0.0,0,1012.9,984.7,0,0,0,0,0.02,0.31,9.2,17.6,42,35,18.4,5.8,7.0,7.1,9.4,0.385,0.396,0.409,0.374,0,0.0,0.0,0.0,0.0,0.0,0.0,0.0,0.0,0.0,0.0,0.0,0.0,0.0,Eucalyptus L'Hér.; Tracheophyta; Magnoliopsida; Vitis vinifera L.
2006,2006-02-03,Porto,Paredes,Sobreira,Castromil,41.1574032,-8.3897798,NC,151.0,2006-02-03T13:00,14.5,63,7.5,12.8,0.0,0.0,0.0,0.0,0,1012.9,994.9,4,0,0,12,0.27,0.61,7.0,9.2,21,26,13.3,12.1,7.5,7.4,11.4,0.379,0.361,0.372,0.348,1,3600.0,538.0,450.5,87.5,843.3,538.0,752.2,535.0,448.0,87.0,843.3,535.0,748.0,Magnoliopsida; Pinus pinaster Aiton; Eucalyptus L'Hér.; Tracheophyta; Vitis vinifera L.
2006,2006-02-28,Porto,Paredes,Gandra,Vilarinho de Cima,41.18039035,-8.440838024197642,NC,120.0,2006-02-28T22:00,3.8,85,1.5,0.9,0.0,0.0,0.0,0.0,0,1014.0,999.1,0,0,0,0,0.0,0.12,7.0,11.6,69,54,14.4,5.7,8.3,8.5,10.7,0.382,0.391,0.398,0.35,0,0.0,0.0,0.0,0.0,0.0,0.0,0.0,0.0,0.0,0.0,0.0,0.0,0.0,Magnoliopsida; Pinus pinaster Aiton; Eucalyptus L'Hér.; Tracheophyta; Vitis vinifera L.
2006,2006-02-11,Porto,Valongo,Sobrado,R. S.JOAO (SOBRADO),41.2331711,-8.4717159,NC,189.0,2006-02-11T05:00,5.8,89,4.0,3.7,0.0,0.0,0.0,0.0,0,1018.1,994.9,13,0,4,36,0.0,0.11,4.0,7.1,80,24,6.5,5.0,7.6,8.0,11.0,0.329,0.338,0.359,0.333,0,0.0,0.0,0.0,0.0,0.0,0.0,0.0,0.0,0.0,0.0,0.0,0.0,0.0,Eucalyptus L'Hér.; Magnoliopsida; Pinus pinaster Aiton
2006,2006-02-12,Porto,Santo Tirso,Couto (São Miguel),Aldeia Nova,41.3287794,-8.4564953,NC,157.0,2006-02-12T14:00,15.8,53,6.3,13.6,0.0,0.0,0.0,0.0,0,1022.8,1004.0,19,0,0,64,0.31,0.84,10.1,13.7,94,95,20.9,13.2,8.0,8.2,10.9,0.327,0.337,0.362,0.354,1,3600.0,565.6,483.9,81.8,896.9,565.6,757.4,588.0,503.0,85.0,896.9,588.0,787.4,Eucalyptus L'Hér.; Tracheophyta; Pinus pinaster Aiton; Vitis vinifera L.; Magnoliopsida
2006,2006-07-03,Porto,Paços de Ferreira,Eiriz,LUGAR CACHOPADRE (Lugar de Vila),41.3049149,-8.3821976,NC,329.0,2006-07-03T16:00,22.2,51,11.5,21.0,0.0,0.0,0.0,0.0,1,1015.9,978.1,40,17,3,76,0.37,1.31,11.2,14.0,266,269,28.1,27.9,21.3,18.7,15.0,0.105,0.181,0.261,0.363,1,3600.0,489.7,264.5,225.2,379.6,489.7,922.1,535.0,289.0,246.0,379.6,535.0,1007.4,Tracheophyta; Eucalyptus L'Hér.; Magnoliopsida; ; Pinus pinaster Aiton; Quercus L.
2006,2006-06-27,Porto,Matosinhos,Custóias,RUA DOS PAUS (Rua dos Peneiros),41.22119055,-8.656934188697067,NC,67.0,2006-06-27T15:00,23.4,52,12.9,21.8,0.0,0.0,0.0,0.0,0,1016.6,1008.8,2,2,0,0,0.52,1.39,25.1,32.9,322,326,44.3,27.2,21.0,19.8,16.6,0.154,0.187,0.26,0.365,1,3600.0,763.4,581.5,181.8,707.1,763.4,1088.4,806.0,614.0,192.0,707.1,806.0,1149.2,Eucalyptus L'Hér.; Acacia Mill.; Tracheophyta; Magnoliopsida
2006,2006-06-10,Porto,Felgueiras,Regilde,BOUCINHAS (Boucinha),41.3648004,-8.266416,NC,265.0,2006-06-10T17:00,20.8,66,14.1,20.3,0.0,0.0,0.0,0.0,2,1017.5,986.7,79,73,22,0,0.23,0.84,12.6,16.6,268,268,28.4,23.1,20.3,18.5,13.5,0.134,0.194,0.286,0.378,1,3600.0,276.5,172.2,104.3,324.7,276.5,703.5,318.0,198.0,120.0,324.7,318.0,809.1,Magnoliopsida; Pinus pinaster Aiton; Tracheophyta
2006,2006-03-12,Porto,Paredes,Lordelo,Parteira,41.2327379,-8.4330482,NC,235.0,2006-03-12T12:00,16.8,67,10.6,16.1,0.0,0.0,0.0,0.0,1,1023.3,995.4,30,0,0,99,0.33,0.64,8.6,11.5,90,92,17.6,14.3,9.6,8.9,9.2,0.39,0.396,0.4,0.373,1,3600.0,639.5,372.2,267.2,532.0,639.5,969.9,615.0,358.0,257.0,532.0,615.0,932.8,Magnoliopsida; Pinus pinaster Aiton; Eucalyptus L'Hér.; Tracheophyta; Vitis vinifera L.
2006,2006-07-03,Porto,Lousada,Lousada (São Miguel),Tapada,41.3035311,-8.2437963,NC,279.0,2006-07-03T15:00,23.4,51,12.5,23.8,0.0,0.0,0.0,0.0,3,1015.8,983.8,83,57,8,91,0.51,1.42,10.8,13.7,272,272,29.2,29.0,21.4,19.0,15.2,0.111,0.197,0.265,0.363,1,3600.0,724.2,444.0,280.2,542.0,724.2,1084.0,765.0,469.0,296.0,542.0,765.0,1145.0,Vitis vinifera L.; Pinus pinaster Aiton; Eucalyptus L'Hér.
2006,2006-07-03,Porto,Amarante,Aboim,Portela,41.3241375,-8.0652679,NC,151.0,2006-07-03T08:00,17.3,80,13.8,18.3,0.0,0.0,0.0,0.0,1,1017.6,999.7,26,25,5,2,0.17,0.39,1.4,1.8,180,169,11.2,19.5,19.7,19.5,15.9,0.146,0.212,0.267,0.362,1,3600.0,378.4,255.1,123.3,506.9,378.4,665.8,313.0,211.0,102.0,506.9,313.0,550.7,Tracheophyta; Eucalyptus L'Hér.; Pinus pinaster Aiton; Magnoliopsida; Vitis vinifera L.; 
2006,2006-07-03,Porto,Matosinhos,Custóias,RUA DOS PAUS (Rua dos Peneiros),41.22119055,-8.656934188697067,NC,67.0,2006-07-03T17:00,22.8,51,12.3,21.4,0.0,0.0,0.0,0.0,0,1016.0,1008.2,13,0,8,26,0.36,1.35,14.3,17.6,309,311,24.5,27.8,22.5,20.0,16.9,0.132,0.174,0.252,0.361,1,3600.0,452.0,312.1,139.9,571.3,452.0,722.8,517.0,357.0,160.0,571.3,517.0,826.8,Eucalyptus L'Hér.; Acacia Mill.; Tracheophyta; Magnoliopsida
2006,2006-06-29,Porto,Gondomar,Rio Tinto,R.CAL (Calvário),41.1807166,-8.5575691,NC,71.0,2006-06-29T16:00,24.7,54,14.7,24.9,0.0,0.0,0.0,0.0,0,1018.6,1010.3,0,0,0,0,0.5,1.43,16.6,21.1,321,323,29.9,28.4,21.8,19.6,16.5,0.139,0.177,0.255,0.36,1,3600.0,682.8,577.5,105.3,827.1,682.8,924.0,746.0,631.0,115.0,827.1,746.0,1009.6,Tracheophyta; Magnoliopsida
2006,2006-06-30,Porto,Gondomar,Jovim,R. VESSADA (JOVIM),41.11258985,-8.522397410112376,NC,56.0,2006-06-30T15:00,26.5,59,17.8,28.7,0.0,0.0,0.0,0.0,0,1018.7,1012.2,0,0,0,0,0.56,1.42,14.7,16.8,292,293,27.7,31.2,23.0,20.0,16.8,0.137,0.174,0.245,0.362,1,3600.0,784.0,678.0,106.1,824.9,784.0,1087.6,828.0,716.0,112.0,824.9,828.0,1148.6,Vitis vinifera L.; Tracheophyta; Magnoliopsida; Eucalyptus L'Hér.
2006,2006-07-03,Porto,Marco de Canaveses,Tabuado,LUGAR DA GAIA (Fundo do Lugar Eldo),41.1843748,-8.1228476,NC,230.0,2006-07-03T22:00,17.4,81,14.1,17.7,0.0,0.0,0.0,0.0,0,1016.3,989.2,20,0,33,0,0.0,0.38,6.5,7.2,251,264,9.7,19.7,21.4,19.0,15.4,0.138,0.208,0.266,0.362,0,0.0,0.0,0.0,0.0,0.0,0.0,0.0,0.0,0.0,0.0,0.0,0.0,0.0,Quercus L.; Tracheophyta; Magnoliopsida; Pinus pinaster Aiton; Vitis vinifera L.; Eucalyptus L'Hér.; 
2006,2006-06-10,Porto,Felgueiras,Torrados,AGRAS (Agra),41.3656919,-8.208631849957007,NC,283.0,2006-06-10T20:00,18.6,75,14.2,19.2,0.0,0.0,0.0,0.0,0,1018.2,985.1,18,19,1,0,0.03,0.53,5.5,10.6,302,305,19.4,20.8,20.5,18.4,13.4,0.134,0.189,0.283,0.377,1,2045.53,0.2,0.1,0.1,1.1,0.1,0.5,45.0,22.0,23.0,178.1,45.0,115.0,Magnoliopsida; Tracheophyta
2006,2006-02-04,Porto,Paredes,Vilela,R.Nova de Cerno (VILELA),41.2434728,-8.3802017,NC,305.0,2006-02-04T18:00,9.7,69,4.3,7.6,0.0,0.0,0.0,0.0,0,1017.7,981.0,0,0,0,0,0.02,0.37,4.5,6.7,76,74,15.8,8.6,7.2,6.6,10.3,0.358,0.361,0.37,0.348,0,1473.36,0.0,0.0,0.0,0.0,0.0,0.0,39.0,24.0,15.0,221.5,39.0,92.3,Magnoliopsida; Pinus pinaster Aiton; Eucalyptus L'Hér.; Tracheophyta; Vitis vinifera L.
2006,2006-07-04,Porto,Baião,Tresouras,Portela,41.15259475,-7.917153174205566,NC,342.0,2006-07-04T08:00,17.6,78,13.7,17.9,0.0,0.0,0.0,0.0,1,1016.3,976.4,32,26,15,0,0.16,0.45,6.2,7.6,260,262,15.8,19.2,19.7,19.1,15.3,0.136,0.214,0.268,0.36,1,3600.0,349.0,235.5,113.5,465.0,349.0,670.0,289.0,195.0,94.0,465.0,289.0,554.9,Tracheophyta; Vitis vinifera L.; Eucalyptus L'Hér.; Magnoliopsida; Pinus pinaster Aiton; 
2006,2006-07-03,Porto,Paredes,Beire,LUGAR CARVALHO (Lugar),41.2451216,-8.3240436,NC,192.0,2006-07-03T20:00,19.8,64,12.9,19.9,0.0,0.0,0.0,0.0,0,1015.7,993.3,10,0,16,0,0.05,0.82,5.3,9.7,298,309,20.9,22.7,22.0,19.3,15.7,0.138,0.19,0.254,0.362,1,2366.48,6.7,3.5,3.2,40.2,5.2,18.0,50.0,26.0,24.0,198.6,50.0,133.3,Magnoliopsida; Pinus pinaster Aiton; Eucalyptus L'Hér.; Tracheophyta; Vitis vinifera L.
2006,2006-07-04,Porto,Gondomar,São Pedro da Cova,RUA PROFESSORA  ETELVINA CABRAL (SÃO PEDRO DA COVA),41.1346344,-8.5168448,NC,169.0,2006-07-04T12:00,21.5,58,13.0,21.6,0.0,0.0,0.0,0.0,0,1017.0,997.3,15,11,8,0,0.47,1.07,13.7,17.1,293,295,28.8,25.4,21.0,19.6,16.3,0.138,0.166,0.24,0.359,1,3600.0,772.8,582.2,190.6,619.5,772.8,1243.3,754.0,568.0,186.0,619.5,754.0,1213.1,Pinus pinaster Aiton; Eucalyptus L'Hér.; Vitis vinifera L.; Tracheophyta; Magnoliopsida
2006,2006-07-04,Porto,Paredes,Gandra,R. CENTRAL (GANDRA),41.1892155,-8.4265137,NC,164.0,2006-07-04T14:00,22.5,55,13.0,22.6,0.0,0.0,0.0,0.0,0,1017.0,997.9,18,16,6,0,0.55,1.22,17.4,21.7,294,294,33.1,27.1,21.3,19.5,16.1,0.146,0.168,0.24,0.361,1,3600.0,862.9,721.7,141.2,797.1,862.9,1197.9,886.0,741.0,145.0,797.1,886.0,1230.0,Magnoliopsida; Pinus pinaster Aiton; Eucalyptus L'Hér.; Tracheophyta; Vitis vinifera L.
2006,2006-03-01,Porto,Santo Tirso,Palmeira,Real,41.35107,-8.4734104,NC,35.0,2006-03-01T14:00,13.3,52,3.7,11.3,0.0,0.0,0.0,0.0,0,1014.5,1010.3,0,0,0,0,0.35,0.73,9.4,11.5,360,2,19.8,13.1,8.0,8.7,10.9,0.375,0.387,0.401,0.365,1,3600.0,677.4,594.4,83.0,958.9,677.4,864.0,702.0,616.0,86.0,958.9,702.0,895.4,Tracheophyta; Vitis vinifera L.; Magnoliopsida
2006,2006-07-03,Porto,Vila Nova de Gaia,Sermonde,R. DAS LAVOURAS (Rampa das Lavouras),41.0157644,-8.5571611,NC,227.0,2006-07-03T21:00,18.5,69,12.8,18.4,0.0,0.0,0.0,0.0,1,1016.1,989.5,22,4,31,0,0.02,0.66,6.6,9.5,319,331,18.4,21.5,22.1,19.4,16.3,0.124,0.176,0.244,0.355,0,0.0,0.0,0.0,0.0,0.0,0.0,0.0,0.0,0.0,0.0,0.0,0.0,0.0,Eucalyptus L'Hér.; Tracheophyta; Magnoliopsida
2006,2006-07-04,Porto,Santo Tirso,Guimarei,CHÃOS (Chão de Porcos),41.31869835,-8.509147938338778,NC,231.0,2006-07-04T14:00,21.8,54,12.2,21.7,0.0,0.0,0.0,0.0,0,1017.0,990.2,18,16,6,0,0.54,1.19,17.4,21.7,294,294,33.1,26.8,20.9,19.1,15.7,0.134,0.162,0.244,0.362,1,3600.0,863.1,721.9,141.3,797.4,863.1,1197.8,886.0,741.0,145.0,797.4,886.0,1229.6,Eucalyptus L'Hér.; Pinales; Magnoliopsida; Pinus pinaster Aiton
2006,2006-06-27,Porto,Maia,Moreira,RUA CENTRAL DE GONDIM (Rua Central do Carvalhido),41.2474218,-8.6468626,NC,84.0,2006-06-27T16:00,22.8,53,12.9,20.6,0.0,0.0,0.0,0.0,0,1016.4,1006.6,1,1,0,0,0.46,1.29,26.0,35.3,323,327,47.5,26.7,21.2,19.7,16.4,0.149,0.182,0.257,0.361,1,3600.0,651.0,518.2,132.8,741.2,651.0,925.4,711.0,566.0,145.0,741.2,711.0,1010.7,Magnoliopsida; Eucalyptus L'Hér.; Tracheophyta; Pinus pinaster Aiton; 
2006,2006-02-06,Porto,Gondomar,São Pedro da Cova,Rua Bocas (SÃO PEDRO DA COVA),41.1346344,-8.5168448,NC,169.0,2006-02-06T02:00,1.7,85,-0.6,-1.8,0.0,0.0,0.0,0.0,0,1024.2,1003.0,0,0,0,0,0.0,0.11,9.2,17.4,79,77,22.7,3.1,6.5,8.1,11.5,0.351,0.358,0.367,0.34,0,0.0,0.0,0.0,0.0,0.0,0.0,0.0,0.0,0.0,0.0,0.0,0.0,0.0,Pinus pinaster Aiton; Eucalyptus L'Hér.; Vitis vinifera L.; Tracheophyta; Magnoliopsida
2006,2006-06-27,Porto,Maia,Maia,RUA 5 OUTUBRO (Rua 5 de Outubro),41.2216969,-8.5991989,NC,66.0,2006-06-27T16:00,22.9,53,13.0,21.7,0.0,0.0,0.0,0.0,0,1016.0,1008.3,1,0,1,0,0.46,1.3,20.2,26.7,311,313,38.5,26.8,21.3,19.8,16.5,0.149,0.182,0.257,0.361,1,3600.0,644.6,513.6,130.9,734.6,644.6,925.4,704.0,561.0,143.0,734.6,704.0,1010.7,Tracheophyta; Magnoliopsida; Eucalyptus L'Hér.
2006,2006-06-27,Porto,Vila Nova de Gaia,Olival,R. TABOSA (Rua da Escola de Tabosa),41.0612018,-8.5234476,NC,153.0,2006-06-27T17:00,21.9,57,13.0,20.0,0.0,0.0,0.0,0.0,0,1016.6,998.8,3,3,0,0,0.37,1.14,20.4,26.7,315,317,43.6,26.2,21.2,19.3,16.0,0.154,0.182,0.249,0.363,1,3600.0,503.1,412.2,90.8,757.3,503.1,720.4,576.0,472.0,104.0,757.3,576.0,824.8,Tracheophyta; Eucalyptus L'Hér.; Magnoliopsida
2006,2006-06-28,Porto,Maia,São Pedro Fins,Rua das Cardosas,41.2422531,-8.5625163,NC,106.0,2006-06-28T14:00,21.9,57,13.0,22.4,0.0,0.0,0.0,0.0,1,1019.1,1006.7,48,53,0,0,0.53,1.13,14.3,17.9,298,300,30.2,26.8,20.7,19.5,16.3,0.145,0.18,0.256,0.36,1,3600.0,835.5,634.9,200.6,700.2,835.5,1200.0,858.0,652.0,206.0,700.2,858.0,1232.2,Vitis vinifera L.; Eucalyptus L'Hér.; Tracheophyta; Magnoliopsida; Pinus pinaster Aiton; 
2006,2006-07-04,Porto,Vila do Conde,Vilar de Pinheiro,URBANIZAÇÃO ESTAÇÃO (VILAR DE PINHEIRO),41.2702682,-8.679560621731248,NC,48.0,2006-07-04T15:00,22.3,58,13.7,21.6,0.0,0.0,0.0,0.0,1,1017.3,1011.7,23,26,0,0,0.48,1.12,20.4,25.6,306,308,35.3,28.5,22.3,20.2,16.9,0.1,0.172,0.261,0.359,1,3600.0,739.0,611.1,127.9,743.7,739.0,1087.2,780.0,645.0,135.0,743.7,780.0,1147.5,Magnoliopsida; Eucalyptus L'Hér.; Tracheophyta
2006,2006-06-11,Porto,Amarante,Mancelos,LG. COSTA (Quinta da Costa),41.2757739,-8.1585546,NC,247.0,2006-06-11T23:00,17.5,80,14.1,18.5,0.0,0.0,0.0,0.0,0,1017.5,988.5,1,0,0,4,0.0,0.39,2.2,3.1,261,306,7.2,18.8,21.6,18.6,13.6,0.124,0.189,0.284,0.377,0,0.0,0.0,0.0,0.0,0.0,0.0,0.0,0.0,0.0,0.0,0.0,0.0,0.0,Tracheophyta; Magnoliopsida; Eucalyptus L'Hér.; Pinus pinaster Aiton; Vitis vinifera L.; 
2006,2006-07-04,Porto,Santo Tirso,Guimarei,RUA ESCOLAS (São Paio),41.31869835,-8.509147938338778,NC,231.0,2006-07-04T16:00,21.1,58,12.4,19.7,0.0,0.0,0.0,0.0,0,1017.2,990.3,6,5,2,0,0.4,1.06,17.9,22.7,304,306,35.3,26.3,21.3,19.1,15.7,0.134,0.162,0.243,0.362,1,3600.0,590.5,468.8,121.8,671.7,590.5,923.4,645.0,512.0,133.0,671.7,645.0,1008.5,Eucalyptus L'Hér.; Pinales; Magnoliopsida; Pinus pinaster Aiton
2006,2006-07-04,Porto,Penafiel,Lagares,Serra,41.1150894,-8.3662611,NC,169.0,2006-07-04T19:00,19.3,71,14.0,18.3,0.0,0.0,0.0,0.0,1,1017.8,997.9,27,9,1,62,0.13,0.64,16.1,21.9,318,319,34.6,23.5,22.0,19.5,16.2,0.139,0.183,0.251,0.36,1,3600.0,122.8,72.9,49.9,387.2,122.8,249.0,182.0,108.0,74.0,387.2,182.0,369.0,Eucalyptus L'Hér.; Magnoliopsida; Tracheophyta
2006,2006-02-07,Porto,Amarante,Gondar,Portela,41.2671355,-8.1013692,NC,247.0,2006-02-07T12:00,10.7,55,1.9,7.4,0.0,0.0,0.0,0.0,0,1025.0,995.1,0,0,0,0,0.25,0.58,10.1,13.8,96,97,28.1,5.9,3.3,6.1,9.9,0.345,0.354,0.372,0.36,1,3600.0,574.3,490.0,84.3,914.4,574.3,753.6,545.0,465.0,80.0,914.4,545.0,715.2,Magnoliopsida; Tracheophyta; Eucalyptus L'Hér.; Vitis vinifera L.; Quercus L.; Pinus pinaster Aiton; Pinus pinea L.; 
2006,2006-02-07,Porto,Felgueiras,Jugueiros,St Quitria (JUGUEIROS),41.3969664,-8.1875708,NC,237.0,2006-02-07T16:00,14.1,44,1.9,11.5,0.0,0.0,0.0,0.0,0,1021.2,992.9,0,0,0,0,0.19,0.91,5.8,8.3,94,88,18.7,11.3,6.4,6.8,10.2,0.331,0.348,0.377,0.392,1,3600.0,310.9,254.7,56.2,823.3,310.9,435.0,376.0,308.0,68.0,823.3,376.0,526.1,Magnoliopsida; Eucalyptus L'Hér.; Pinus pinaster Aiton
2006,2006-07-03,Porto,Baião,Gove,QUINTA ERMELO (Quinta),41.1565523,-8.0445058,NC,659.0,2006-07-03T10:00,18.9,59,10.7,19.6,0.0,0.0,0.0,0.0,1,1016.9,942.0,22,11,1,37,0.4,0.9,2.3,2.6,198,196,16.2,22.1,18.5,17.8,13.9,0.157,0.215,0.258,0.355,1,3600.0,726.3,574.3,152.0,721.4,726.3,1053.3,669.0,529.0,140.0,721.4,669.0,970.2,Tracheophyta; Magnoliopsida; Pinales; Eucalyptus L'Hér.; Vitis vinifera L.; Quercus L.; Pinus pinaster Aiton; 
2006,2006-02-08,Porto,Paredes,Vilela,R Sacoto (VILELA),41.2434728,-8.3802017,NC,305.0,2006-02-08T16:00,13.8,47,2.5,11.5,0.0,0.0,0.0,0.0,0,1017.5,981.3,7,0,0,24,0.19,0.84,3.8,4.6,311,315,11.9,11.5,6.3,6.5,10.0,0.339,0.348,0.366,0.349,1,3600.0,315.3,258.1,57.3,816.1,315.3,444.6,380.0,311.0,69.0,816.1,380.0,535.8,Magnoliopsida; Pinus pinaster Aiton; Eucalyptus L'Hér.; Tracheophyta; Vitis vinifera L.
2006,2006-07-03,Porto,Valongo,Alfena,R. ALTO DE VILAR (Rua de Vilar),41.224249,-8.5322358,NC,88.0,2006-07-03T11:00,21.8,60,13.8,23.9,0.0,0.0,0.0,0.0,0,1017.0,1006.7,19,1,4,52,0.51,1.04,5.1,5.8,266,266,16.6,26.8,21.1,20.1,16.7,0.12,0.171,0.248,0.356,1,3600.0,848.7,682.4,166.4,769.5,848.7,1173.3,806.0,648.0,158.0,769.5,806.0,1114.3,Tracheophyta; Eucalyptus L'Hér.; Pinus pinaster Aiton; Magnoliopsida
2006,2006-07-03,Porto,Felgueiras,Margaride (santa Eulália),Padroso,41.3667229,-8.203496330346734,NC,298.0,2006-07-03T15:00,23.5,50,12.4,23.9,0.0,0.0,0.0,0.0,3,1015.8,981.6,83,57,8,91,0.51,1.45,10.8,13.7,272,272,29.2,28.9,21.4,19.0,15.2,0.115,0.189,0.26,0.361,1,3600.0,724.1,443.9,280.2,542.6,724.1,1082.6,765.0,469.0,296.0,542.6,765.0,1143.7,Magnoliopsida; Tracheophyta; Eucalyptus L'Hér.
2006,2006-06-27,Porto,Maia,Gueifães,Rua das Oliveiras,41.2158845,-8.5992662,NC,64.0,2006-06-27T17:00,22.0,57,13.1,20.2,0.0,0.0,0.0,0.0,0,1016.1,1008.6,0,0,0,0,0.37,1.14,19.9,26.2,314,317,40.0,26.0,21.5,19.8,16.5,0.149,0.181,0.257,0.361,1,3600.0,498.3,406.5,91.8,744.3,498.3,722.8,570.0,465.0,105.0,744.3,570.0,826.9,Tracheophyta; Eucalyptus L'Hér.; Magnoliopsida
2006,2006-07-06,Porto,Paredes,Lordelo,L.CAMPA (Campa),41.2346057,-8.4146751,NC,202.0,2006-07-06T12:00,25.0,43,11.5,26.2,0.0,0.0,0.0,0.0,0,1022.4,999.1,0,0,0,0,0.63,1.81,10.5,12.9,338,342,20.5,27.4,20.1,19.3,16.0,0.143,0.164,0.238,0.36,1,3600.0,955.2,836.3,118.9,891.2,955.2,1241.6,932.0,816.0,116.0,891.2,932.0,1211.4,Magnoliopsida; Pinus pinaster Aiton; Eucalyptus L'Hér.; Tracheophyta; Vitis vinifera L.
2006,2006-07-04,Porto,Santo Tirso,Monte Córdova,L. MONTE SALTOS (Lugar do Monte),41.3164414,-8.4320306,NC,357.0,2006-07-04T18:00,18.6,66,12.1,17.2,0.0,0.0,0.0,0.0,1,1017.2,975.7,40,34,5,20,0.2,0.73,14.7,20.0,298,300,34.9,23.9,21.1,18.5,14.9,0.109,0.179,0.26,0.362,1,3600.0,242.7,148.8,93.8,401.6,242.7,490.3,300.0,184.0,116.0,401.6,300.0,606.1,Tracheophyta; Vitis vinifera L.; Eucalyptus L'Hér.; Pinus pinaster Aiton; Magnoliopsida
